143.8123317595651,143.81234680592175,256.2022075513874,256.2022075513874,232.68559736165622,191.67696088077489,232.68561666873015,312.91450886059084,263.956430139047,325.0705075715315,261.32281315166694,282.04796737511725, 212.03203472735572
144.14892177887185,144.14892177887185,256.56803325442354,256.56803325442354,232.6911502240612,190.75566353481753,232.69113935965726,307.05730653631423,264.0582165045567,325.69534876430083,261.7134191052076,282.2832100758974, 212.2456930014751
144.26233149826558,144.26231637123234,256.93967810805685,256.93967810805685,232.8447380547856,189.84510584279437,232.84474751176757,309.7841635484981,264.77132457827645,324.47706583524234,261.046429524723,281.88891483038543, 212.61792934165945
143.89153001720734,143.89151470551667,258.91796612899805,258.91796612899805,235.2061636452381,189.61209842966235,235.20614494287062,308.3327423480134,265.2622514503435,323.28766795852175,264.3727879575756,281.1232296612914, 215.25274479714577
143.7445187828391,143.74450368119005,258.2791274820516,258.2791274820516,234.54971554041438,189.39838449955377,234.54970269063654,308.4626819379274,265.8336979931811,323.45567147827904,264.0307085183443,281.9189279161981, 214.5824529021494
143.90459698586216,143.90459719149408,258.29597335457765,258.29597335457765,234.57917628275356,189.9380042552727,234.5791781291311,308.1639520940712,266.28313623885725,324.47278509560675,263.4828715688775,282.6368096101199, 214.4953888264283
143.39092316801873,143.39092300332854,258.66406324815404,258.66406324815404,235.34480992068194,190.1688946538576,235.34484481209472,310.0401156562113,266.0052443330324,324.77263656214376,266.60930897668214,281.1006772093909, 215.28154147474436
143.4811622071666,143.48117744136576,258.68840354728474,258.68840354728474,235.16399526763124,189.4124637402967,235.164013708685,309.56906242990806,265.6691511397919,325.522762893106,266.6725371482009,281.06821710657925, 215.25062470401022
143.38446901841868,143.38446901841868,258.14465608521266,258.14465608521266,234.5696371273742,189.13876961911504,234.5696695473537,302.9911655460027,265.4233960962549,325.93658896403025,266.36455470943605,280.7555060712974, 214.66148619912363
143.48870193090485,143.48871719046375,258.20019390767203,258.20019390767203,234.43585178641388,188.48691184577518,234.43584931457363,306.8963657853701,265.65322419122725,320.95294924002366,265.1246291246698,280.7735116599855, 214.65864027443246
143.4616603023872,143.4616603023872,258.3451415302809,258.3451415302809,234.5163268936301,188.01014728260023,234.51632857028332,307.0250988558951,265.13008981755365,320.2922739277448,264.92779338122943,281.14260981566406, 214.85100615251307
143.66145534190497,143.66144038383678,258.73751044134804,258.73751044134804,234.94204643129726,188.58715397027933,234.9420488361372,309.08997460501524,265.0646924555325,320.39688189252416,265.3509343670367,280.9203291703605, 215.18940652531808
144.09734401983744,144.09734415258728,259.24110582578794,259.24110582578794,235.3462716836847,189.16632617667847,235.34629888696122,306.5509035111066,264.2835238926487,321.060509847844,265.08564095985133,280.57797242752815, 215.50381151010603
144.15820333610392,144.1581880459883,259.5557691077738,259.5557691077738,235.74412710683347,189.6067703010205,235.74413086013038,308.3944868315369,263.66607194471504,327.1758604524847,264.94355802873764,279.6315928981387, 215.8416393082456
145.52706002109326,145.52706002109326,260.6197548726268,260.6197548726268,236.2866487692917,190.64987073676127,236.28664003937752,310.34184925767386,261.5265079409044,324.16887846347277,263.90336855456474,278.96217352904983, 216.20483175925355
145.52706002109326,145.52706002109326,260.6197548726268,260.6197548726268,236.2866487692917,190.64987073676127,236.28664003937752,310.34184925767386,261.5265079409044,324.16887846347277,263.90336855456474,278.96217352904983, 216.20483175925355
145.45466979959883,145.45466949618438,260.5765645841131,260.5765645841131,236.5665060395967,192.04818421590625,236.56653374668605,308.65082993703913,262.36685843554983,326.71569685885794,263.4275674700425,278.5876533927234, 216.20150798416716
145.29301013114653,145.29301013114653,260.2773648268621,260.2773648268621,236.47722934422518,192.74063494511017,236.47723164578028,312.30525217421564,261.8116542901942,320.32080081441984,263.0158919418037,278.9500895097999, 215.94962946299057
145.05076148517676,145.05076148517676,260.04063145259113,260.04063145259113,236.65973983531006,194.1795400673096,236.65973935498084,315.32013584443393,261.94957045989423,318.96039470308466,263.04750663648935,279.1547921385776, 215.82726458927561
145.19827138073785,145.19825630278103,259.78191355051166,259.78191355051166,236.2811300817477,194.1614532466674,236.28112733323687,308.4636524147294,262.1357755034609,319.0223919008549,263.4329432993183,279.46074044287593, 215.41611906188677
145.9465401733258,145.94653985831815,260.09788477126506,260.09788477126506,236.01165993309374,193.40097128744378,236.01166568196402,310.56163740722957,262.51632190506507,323.8001945778111,263.386649274429,280.51486240785437, 215.2917341077532
145.85754120151373,145.85754120151373,260.29574284810275,260.29574284810275,236.10295698523402,192.51133452877156,236.10295158606584,308.21382801699997,263.65022608110695,322.7702282141098,264.0804633707815,280.7505788320667, 215.59092652957617
145.43055263803603,145.43055246685662,260.0423408450539,260.0423408450539,235.93331163375035,191.7556704562299,235.93334771861444,311.1921940107739,262.95261563718805,323.1680010923024,264.2027633591974,281.2750684479377, 215.57361270515767
145.18431340883748,145.18432873432212,259.5386129796397,259.5386129796397,235.11766156774806,189.72102228522826,235.11765816466044,305.9480118445481,261.6584322012289,323.9642831507224,264.33613502868405,281.99490833524084, 215.13203140486297
145.18431340883748,145.18432873432212,259.5386129796397,259.5386129796397,235.11766156774806,189.72102228522826,235.11765816466044,305.9480118445481,261.6584322012289,323.9642831507224,264.33613502868405,281.99490833524084, 215.13203140486297
145.35614388257565,145.3561440059811,259.63025427719225,259.63025427719225,234.89752744724146,188.6521444102262,234.8975197241749,313.3354562171876,261.72900129584764,323.67550682146566,264.8224365538646,280.7997006853828, 215.1265809689369
145.12557653041588,145.12556143377705,259.71794404938015,259.71794404938015,235.17187962320043,188.82628479198766,235.17190575016383,309.6508951467187,261.5837386782074,324.6982936602093,265.03120880280864,280.17298538256904, 215.38796427690795
145.03134255704825,145.0313775950457,259.7271625792167,259.7271625792167,235.28209241973784,189.03494291710624,235.28210265957014,308.5506427956319,261.44393592664403,326.46493817074,264.5151294755461,279.92396213091257, 215.46256924259424
144.0781351368131,144.07812023105384,259.42851602424054,259.42851602424054,235.55814023044246,189.1347496209254,235.55813232606866,310.582686823462,260.7718693828807,326.5554581507622,265.90157952776184,279.1495486107555, 215.74206983098802
144.10206437356024,144.1020641573653,259.44935400697096,259.44935400697096,235.55973410410877,189.10136566945036,235.55975296625004,310.1501240639461,260.6169046295821,325.5862766789424,264.72573512659426,279.25970708186696, 215.75117225111606
144.20136557588188,144.2013804591137,259.42016780381607,259.42016780381607,235.46025639683003,189.06872767269144,235.46026817598786,311.5486654840158,260.1402955805544,322.52030886888593,264.47872654487435,279.6414454942587, 215.64970749324678
144.3994751023161,144.3994751023161,259.5292091553006,259.5292091553006,235.41245384437428,188.83677110663677,235.41247777539684,309.93532175733685,259.9727055675092,321.8745775057742,264.01550276300816,280.5239379029859, 215.64832068596908
144.51262130660717,144.5126216180961,259.7675635449925,259.7675635449925,235.55546896321016,188.58513278682872,235.55549534257403,309.4257620558038,259.9675780376467,320.38278778951417,264.1251508662539,280.70367357955956, 215.8594232442535
145.15177580162242,145.1517607056296,260.2759040723318,260.2759040723318,235.73624739597568,188.64851728874535,235.7362359585924,309.9240519981709,259.5963402797948,320.67855277734463,265.0262666465804,280.8123536221801, 216.0428426755221
145.15177580162242,145.1517607056296,260.2759040723318,260.2759040723318,235.73624739597568,188.64851728874535,235.7362359585924,309.9240519981709,259.5963402797948,320.67855277734463,265.0262666465804,280.8123536221801, 216.0428426755221
145.75464918211443,145.75464918211443,260.6121473031773,260.6121473031773,235.7070819486701,188.50520397674202,235.70708790293577,304.82198196346826,259.6356455625147,319.2256253568023,265.6322819842637,281.3179366469766, 216.04230350244234
146.34069357458057,146.34069357458057,260.96955787798186,260.96955787798186,235.73627716110033,188.48965276915067,235.73627456580655,301.2139354325316,260.2072872843589,324.99734358021857,266.9735043704787,281.36031820920505, 216.07754269639284
145.44699124386227,145.44699124386227,260.6953949532986,260.6953949532986,236.08036448203427,188.96217595744392,236.08036798676847,310.1591315231377,260.19235004674044,321.39320857542884,268.01066466799335,281.37833307172014, 216.34986910536807
145.44699124386227,145.44699124386227,260.6953949532986,260.6953949532986,236.08036448203427,188.96217595744392,236.08036798676847,310.1591315231377,260.19235004674044,321.39320857542884,268.01066466799335,281.37833307172014, 216.34986910536807
145.20206265031462,145.20206296570586,260.37446672501864,260.37446672501864,235.88591381121833,189.00738829318578,235.8859304556389,305.7002247823852,260.6228820225186,322.98360647252247,268.3512806885085,281.2560009668357, 216.12777134277607
145.32961169351043,145.32962646537504,260.40888884842667,260.40888884842667,235.6835421828906,188.19834120998803,235.6835555849454,308.8481294025936,261.02760029000495,321.64336914718274,268.6836499161676,281.23135926860766, 216.08352045326328
145.75761577889196,145.7576002646832,260.13865666043546,260.13865666043546,234.87917493579272,186.9907248100378,234.87918166749074,304.8571178324795,261.34521515867,320.5228131376608,266.3240361262247,282.783028220465, 215.46891052131724
145.27444178821847,145.27444178821847,259.7571667527497,259.7571667527497,234.6870177824622,186.64277149775,234.68699969551542,304.20445012369026,261.0662011369137,320.54310850017356,267.1411735810223,282.37191749544473, 215.33489620690835
145.65268097082497,145.65269608987333,259.65488907452095,259.65488907452095,234.33827503662823,186.63842209162547,234.33826726976332,303.28553816803253,262.21627451823804,320.4800393533107,267.11768289001736,281.73845282632686, 214.95570854412014
145.65268097082497,145.65269608987333,259.65488907452095,259.65488907452095,234.33827503662823,186.63842209162547,234.33826726976332,303.28553816803253,262.21627451823804,320.4800393533107,267.11768289001736,281.73845282632686, 214.95570854412014
146.00858740622888,146.00858740622888,259.9401203609041,259.9401203609041,234.46641408592018,186.80620808229241,234.4664170294263,315.2346067564735,262.71221464058084,318.055898675216,268.04901793946823,281.25567265128797, 215.0589540524453
145.98052235224657,145.98052281612942,260.02399040480674,260.02399040480674,234.65926108435588,187.21971109339944,234.6592735923456,308.53187078111426,262.8423686001524,319.2471067896442,267.45661463789867,281.3225005848629, 215.17936751329944
145.38083755938368,145.38083755938368,260.05411579325414,260.05411579325414,235.1664502443092,187.73071522973498,235.16644668298514,308.3000788391263,263.62157529600466,321.45869562432813,267.2318717284494,280.45280835495504, 215.6213188041439
143.95309236482294,143.9530926025655,259.5002788170744,259.5002788170744,235.3918261419451,187.52507511224596,235.3918144232657,309.9519186061611,263.8443591135769,318.7382017945581,268.36651144149977,281.0742981887702, 215.91176072474022
144.192033124733,144.19204826003897,259.53450588548776,259.53450588548776,235.18100423989148,187.01107579914117,235.1809952206045,307.1209474578573,263.6094534818638,317.63771509499844,268.0116275458501,282.56573593148147, 215.79344410618324
144.22250381898965,144.22250357174013,259.2115917581798,259.2115917581798,234.71075162217852,186.53275981351817,234.71076381430873,304.9257522235197,263.09167524674257,318.6389407215296,267.8156816057716,283.8790137827421, 215.38459129603532
144.37260833103326,144.3725932075362,258.96004532917937,258.96004532917937,234.31769581555696,186.4180076621788,234.31768661789974,303.34798675045823,262.835220667216,320.014096445647,267.58466210208024,284.6600075226358, 214.98107372371396
144.74184812659294,144.74184812659294,258.9918964403813,258.9918964403813,234.02862525663824,185.93318522716487,234.02861404176315,305.27959221017477,263.50596644052666,317.5856140749963,268.3279865855887,285.0753467328739, 214.77104162037156
145.08809203626697,145.08809245746022,258.74948672535334,258.74948672535334,233.6863750052804,186.6396184952514,233.68637857611498,308.30949287901706,264.9695490745607,317.3038315572592,268.21688672797455,286.29760040753996, 214.24455363087145
144.74460568193066,144.74460568193066,258.35513057699126,258.35513057699126,233.551013562207,187.0796857832735,233.5510144104841,307.80067121576826,265.58531332063626,314.7641178257708,268.92522253625,286.4165757333034, 214.00087527516584
144.74460568193066,144.74460568193066,258.35513057699126,258.35513057699126,233.551013562207,187.0796857832735,233.5510144104841,307.80067121576826,265.58531332063626,314.7641178257708,268.92522253625,286.4165757333034, 214.00087527516584
144.57364506932555,144.57364506932555,258.0499374965425,258.0499374965425,233.5231061530889,188.09385362196312,233.52313287506541,307.38788662882536,266.2727429918142,314.7454269675303,268.70314375584366,286.0615484348039, 213.74803602605573
144.56509748989157,144.56508233905865,257.516286741674,257.516286741674,233.08949541256214,188.84007558732415,233.08952201374163,317.5157450235199,265.9599098755337,315.4464046320656,268.1897494032567,285.6160991069367, 213.10929085661897
144.93656276049188,144.93656294889738,257.39811445018194,257.39811445018194,232.72374947120454,188.81909390462764,232.72374008187367,311.1558944314555,264.96616310679696,317.07754977963293,266.8504190741398,285.224961306305, 212.7138425845262
144.87916408971537,144.8791638898315,256.9402984170659,256.9402984170659,232.2836121654005,188.96925143102644,232.2836352687143,312.60082032068624,264.52395147478694,318.6391360601752,265.99093147499315,284.60729307366734, 212.19882892382117
144.9530622808271,144.9530622808271,256.5026308959749,256.5026308959749,231.82444068011606,189.31834411166608,231.82444277981548,311.75481122585353,264.23339305455255,318.2863051304794,265.68741733500934,284.22094639586123, 211.61808100075675
144.85115385427792,144.85112790928198,255.9820385393046,255.9820385393046,231.6232004233339,190.83344499638,231.6231898000698,318.15334347102987,263.2411967661146,317.35559980808307,265.706397338136,285.86101838681174, 211.05673704814905
144.85115385427792,144.85112790928198,255.9820385393046,255.9820385393046,231.6232004233339,190.83344499638,231.6231898000698,318.15334347102987,263.2411967661146,317.35559980808307,265.706397338136,285.86101838681174, 211.05673704814905
144.47627039993134,144.4762706224057,255.69116041841247,255.69116041841247,231.60665616345403,191.1761724277582,231.60667546211113,313.58498827056167,262.5281805580745,318.2125670080133,265.65027362907915,285.9351893527742, 210.961053594559
144.27902104221414,144.27902104221414,255.5242140300972,255.5242140300972,231.49953412023447,190.95392946384297,231.49955696414162,314.58479884255394,262.38971330229595,315.4757607889703,265.58189278657994,286.2876150615691, 210.8937855694642
143.94326484999772,143.94324967649678,255.4516080009905,255.4516080009905,231.23921649699088,189.05779421111725,231.2392430667336,318.24825907272634,261.4935900608705,321.04228786306976,265.0288128517178,285.5953592632344, 211.03520738425382
143.70412969592198,143.70412977276848,255.3073710204843,255.3073710204843,231.14176565707467,188.63238028403643,231.14177430029676,316.3748561032525,260.8537440939787,326.82765405104357,264.10098687397215,284.87104336345965, 211.02361716745824
143.70412969592198,143.70412977276848,255.3073710204843,255.3073710204843,231.14176565707467,188.63238028403643,231.14177430029676,316.3748561032525,260.8537440939787,326.82765405104357,264.10098687397215,284.87104336345965, 211.02361716745824
143.70149738922106,143.70148215710165,255.2329522888534,255.2329522888534,231.04163147318522,188.5364925570451,231.04164360814704,318.3520721380252,259.93896021247974,322.9962549608484,264.0148889069253,284.31753885994567, 210.93540033865833
152.2677910489332,152.2677910489332,264.7002856729809,264.7002856729809,237.82452255066414,196.77130990023392,237.82451899846205,159.1760399940434,412.4577266400846,290.44446716759836,290.44442537024645,248.99632663301526, 216.51966379750058
156.1143672758681,156.11436684114497,269.06628184508264,269.06628184508264,237.9868062149076,185.6096720591762,237.98679042528494,290.4444156807292,290.44447269439564,290.4443860070984,290.4444273168618,276.3453971164338, 219.14602114611048
158.46110808440275,158.46112333675887,271.57640100300114,271.57640100300114,241.3185643807679,195.86557963284807,241.31857564879448,290.4443901651356,290.4444139488074,290.44445069960125,290.44448961444186,249.0156073600918, 220.55344064467894
159.65562363870674,159.65562363870674,272.88871798381086,272.88871798381086,242.92433824476623,200.33869075608158,242.92433410711274,290.44438707030645,290.44441494993475,290.44443284390275,290.44442557283423,235.16212460964488, 221.31047868899967
160.24567478155348,160.24567478155348,273.5502777728847,273.5502777728847,243.76028455864594,202.66240568916118,243.7602928056378,290.44446098097035,290.44441999831315,290.4444576956395,290.44443508104365,227.9636533517111, 221.700396142551
160.5507122255645,160.55072748237626,273.89174631960543,273.89174631960543,244.18641246952254,203.83172716498788,244.18638959021118,290.4443798256552,290.44441845154967,290.4444187158982,290.44443033963427,224.53399035200874, 221.9012135381514
160.70486625312267,160.70485144003672,274.06426216067933,274.06426216067933,244.40232201604465,204.42439930884203,244.40236036364502,290.44440735629837,290.44442429242036,290.44440610877973,290.44441058787703,222.57093438927967, 222.00262158363282
160.78007511658765,160.78007561950915,274.14866883960696,274.14866883960696,244.50967093248244,204.72158702801434,244.5096789647799,290.44445676507604,290.44438383615335,290.4444377257138,290.4443723907305,222.25262130716598, 222.05234172207344
160.81921612071017,160.81921554061705,274.1915284149914,274.1915284149914,244.56268782724683,204.86828937911727,244.56271573212533,290.4444381720478,290.4444031685258,290.4443861683314,290.44440004374286,221.2643195369148, 222.07694108678518
160.84917861932792,160.84917801968572,274.2254797606125,274.2254797606125,244.60473351037012,204.98125502971803,244.60474163474277,290.44443620374295,290.4443438088013,290.4444048989381,290.4443462225081,221.085823971506, 222.09717428899472
160.84917861932792,160.84917801968572,274.2254797606125,274.2254797606125,244.60473351037012,204.98125502971803,244.60474163474277,290.44443620374295,290.4443438088013,290.4444048989381,290.4443462225081,221.085823971506, 222.09717428899472
160.85364396122952,160.8536287050306,274.23043457691443,274.23043457691443,244.61136542136873,205.00022153055772,244.61135291180878,290.44437927156116,290.44438215604043,290.4443890362319,290.4443003766755,221.5510595223864, 222.10007713989177
160.85610276914028,160.85610276914028,274.23343150004195,274.23343150004195,244.61492829113948,205.00905987405434,244.61493932880077,290.4443641249553,290.4444080423672,290.44442380293947,290.44436263328396,221.165496200783, 222.10197481579272
160.85380607255775,160.8538202689651,274.2316898531556,274.2316898531556,244.61546473707264,205.01374384606987,244.61548089658373,290.44441510425594,290.44441778478347,290.44441977716417,290.44436856191567,220.89421375575776, 222.10150431036197
160.8562501213169,160.85625125417164,274.2339100816056,274.2339100816056,244.61590420541896,205.01159163489223,244.6159203475854,290.44445533738445,290.44444754720405,290.4444309894595,290.4444221979247,221.12773055105083, 222.10249290230044
160.85708481333705,160.85708481333705,274.22900571668316,274.22900571668316,244.61062298626055,205.0151140777631,244.61061970018815,290.4444392107119,290.44443802612125,290.44444642399054,290.44435729477647,221.73445371198474, 222.09579816224118
160.85433242206835,160.85433188087075,274.2275354517035,274.2275354517035,244.61101894703842,205.01639068778326,244.61102044379453,290.44447228520283,290.44440735611636,290.4444028555062,290.44438089539534,220.82290527544978, 222.09597227738618
160.8564224796766,160.85643723280336,274.23052163302964,274.23052163302964,244.61226657445778,205.01292957407685,244.61223463248487,290.44444961617626,290.44433111918016,290.4444411939752,290.4444635505962,220.7038224632671, 222.09814328635568
160.85354973615625,160.85356453015092,274.2285039199754,274.2285039199754,244.61244173912374,205.01568458515536,244.61245207661335,290.4444468714508,290.4443282482556,290.44440596015687,290.44442245167653,220.93029410770296, 222.0977219461072
160.85603845756282,160.85603792868582,274.23021373677506,274.23021373677506,244.6119751680883,205.01202414369794,244.6119962533785,290.4444068930466,290.4443777063895,290.4443523333195,290.44438052505836,221.68439511065384, 222.09805864153432
160.85599414672345,160.85599371808496,274.2334571166471,274.2334571166471,244.61600991096617,205.01365078474313,244.61599780590316,290.44447125241663,290.44438999198076,290.44434868395706,290.44447849312485,220.43240508225196, 222.10211054474976
160.85684137228165,160.85684090393346,274.2342574724882,274.2342574724882,244.61665357492544,205.0151779517051,244.6166543982014,290.44446051084776,290.4443474764812,290.4443482041166,290.44446487595286,220.06706480955498, 222.10247064369096
160.85684137228165,160.85684090393346,274.2342574724882,274.2342574724882,244.61665357492544,205.0151779517051,244.6166543982014,290.44446051084776,290.4443474764812,290.4443482041166,290.44446487595286,220.06706480955498, 222.10247064369096
160.8564930971455,160.85650793800542,274.232515308462,274.232515308462,244.61514001510153,205.0162669346714,244.6151265507798,290.4443976854424,290.44446665676446,290.44435271982553,290.44444162254086,220.19799837841325, 222.1005444687597
160.85649876071795,160.85651401791844,274.233979269732,274.233979269732,244.6166443779143,205.01582005504426,244.6166806280453,290.44443957289616,290.4443866067662,290.4443187616396,290.44437922010934,220.46419887166812, 222.1023204243448
160.85656771713772,160.85656771713772,274.2345797878579,274.2345797878579,244.61733144962022,205.01583701719204,244.61732969235754,290.4444351815232,290.44436598351666,290.44440412327526,290.444350287383,220.7404427313451, 222.1030487785653
160.857707924105,160.857707924105,274.2347426817059,274.2347426817059,244.61678888206347,205.01590599159462,244.61679866812355,290.4444830661223,290.4443637205858,290.4444121410012,290.44437326497257,220.78594704822976, 222.1024434122336
160.8581916904692,160.85819219404965,274.235330828309,274.235330828309,244.61737601613726,205.0173406766667,244.61740915759012,290.4444388543056,290.44440379825375,290.4443700479242,290.4444098930111,220.8002755812314, 222.10277008609748
160.85848794842173,160.85848835073358,274.2360097189041,274.2360097189041,244.6181753898065,205.0182449975162,244.6181725627615,290.44439497834975,290.44444282999314,290.44442790329845,290.44447577180915,220.52336742189667, 222.10340886400118
160.85848794842173,160.85848835073358,274.2360097189041,274.2360097189041,244.6181753898065,205.0182449975162,244.6181725627615,290.44439497834975,290.44444282999314,290.44442790329845,290.44447577180915,220.52336742189667, 222.10340886400118
160.85769090140346,160.8576756448733,274.23464974031185,274.23464974031185,244.61718739753755,205.0183421735142,244.61721208998208,290.44449069216284,290.4444372926429,290.4444519711065,290.4444693369126,221.50196695982, 222.1023282143629
160.85787814073444,160.85787814073444,274.2347270505289,274.2347270505289,244.61691860755528,205.01727036723827,244.61696036774993,290.44444551679874,290.44446426989634,290.4444470935824,290.44446524622396,221.51180467020782, 222.10228904065355
160.85631099328194,160.85631099328194,274.2340998510238,274.2340998510238,244.6164559216824,205.01340368495224,244.61647803873143,290.4444161734314,290.4444605545074,290.44443471765294,290.4444609551099,220.88787315720262, 222.1026609369111
160.85631099328194,160.85631099328194,274.2340998510238,274.2340998510238,244.6164559216824,205.01340368495224,244.61647803873143,290.4444161734314,290.4444605545074,290.44443471765294,290.4444609551099,220.88787315720262, 222.1026609369111
160.8565306319548,160.8565306319548,274.2293533102455,274.2293533102455,244.61143486905283,205.01555170424982,244.6114555576923,290.4443855159185,290.44445963655664,290.444397504726,290.44445988508016,219.48464282999817, 222.09663436361188
160.85682140663027,160.8568209182089,274.2304470701606,274.2304470701606,244.6125481366154,205.01582098670607,244.61254655002924,290.4444084568288,290.44445904109045,290.4444509029478,290.44445920775854,220.4931658713219, 222.09780108114703
160.85641716107585,160.85641659894364,274.22981151246,274.22981151246,244.61235166154665,205.01711000827567,244.61234003781453,290.44443242965144,290.4444584287018,290.44439424610187,290.4444584937961,220.7624866334422, 222.09728170482774
160.85600723018848,160.85602248662212,274.23005250008055,274.23005250008055,244.61259195010214,205.01571575205597,244.61263186980128,290.44443923734076,290.44445827338006,290.4444161157893,290.4444583179814,220.20272483866637, 222.0978798107471
160.85600723018848,160.85602248662212,274.23005250008055,274.23005250008055,244.61259195010214,205.01571575205597,244.61263186980128,290.44443923734076,290.44445827338006,290.4444161157893,290.4444583179814,220.20272483866637, 222.0978798107471
160.85709749606258,160.85709799135552,274.22847743410773,274.22847743410773,244.6099984845424,205.0152450302199,244.61001374942387,290.44440650308366,290.4444581766964,290.4444487139163,290.44445820484816,220.3562006114959, 222.0951052754036
160.85769499074678,160.8577102462503,274.2289668687785,274.2289668687785,244.61047415224817,205.01667810700692,244.61049344888664,290.4444307762184,290.44445807561334,290.4444343627271,290.44445808643695,220.1011464859729, 222.09529895603038
160.85769499074678,160.8577102462503,274.2289668687785,274.2289668687785,244.61047415224817,205.01667810700692,244.61049344888664,290.4444307762184,290.44445807561334,290.4444343627271,290.44445808643695,220.1011464859729, 222.09529895603038
160.85744433201143,160.85744433201143,274.2320672558119,274.2320672558119,244.61423326732483,205.01734604156104,244.61424762735726,290.4444099584486,290.44445804988965,290.4444264720864,290.4444580571295,220.17283941082346, 222.09929886483442
160.8575717154302,160.8575717154302,274.23364896863416,274.23364896863416,244.6158682966647,205.0169903460754,244.61587917270285,290.444434783883,290.4444580346217,290.4443805182621,290.44445803895167,220.21860504449535, 222.1011725128377
160.85576303106427,160.85574777489987,274.2272264657391,274.2272264657391,244.60871569319434,205.01162703322188,244.60873466697336,290.4444031838222,290.44445801851634,290.44435252486403,290.44445802038217,220.16976166899173, 222.0945461091884
160.85576303106427,160.85574777489987,274.2272264657391,274.2272264657391,244.60871569319434,205.01162703322188,244.60873466697336,290.4444031838222,290.44445801851634,290.44435252486403,290.44445802038217,220.16976166899173, 222.0945461091884
160.85682602977982,160.8568265776157,274.23076651578026,274.23076651578026,244.61266957365217,205.01488171557207,244.6126785914525,290.44433520553906,290.4444580142356,290.4443824088691,290.4444580155439,220.79456585960176, 222.09815739699013
160.85763032611118,160.85763094326478,274.2333206977111,274.2333206977111,244.61529343277908,205.01626573346053,244.61529749200986,290.444348186473,290.44445801174373,290.44436570183535,290.4444580122311,220.64535696161056, 222.10069507985742
160.85720888955484,160.85720888955484,274.2332860517876,274.2332860517876,244.61574778905955,205.0172411113634,244.6157544671167,290.4442992786871,290.44445801003184,290.44434934202286,290.444458010298,220.4659181234489, 222.10098680514915
160.85782812381532,160.85784337860568,274.2314018763694,274.2314018763694,244.6131242331554,205.01670947526748,244.61310854967076,290.4442923848664,290.44445800926997,290.44429078603224,290.4444580093917,221.38906881373453, 222.09820614178366
160.85817122248758,160.85815537401928,274.23128120831154,274.23128120831154,244.61292852750856,205.01750758835757,244.6129504392502,290.44428413168384,290.4444580087248,290.44430275755525,290.44445800872677,220.7483911775778, 222.09784377924012
160.85743521883217,160.85741943346466,274.23254074462636,274.23254074462636,244.61492774167175,205.01790844220733,244.61489972736263,290.444293047082,290.4444580083914,290.4443168993656,290.4444580083516,220.81797205111448, 222.09992390857843
160.85754822916715,160.857547748981,274.23340980175317,274.23340980175317,244.61561233202517,205.0169783235856,244.6156143995207,290.44421911436723,290.44445800811644,290.44432678685024,290.44445800805016,220.45155896541613, 222.10092583850778
160.85652575945375,160.85652536658588,274.23135370416605,274.23135370416605,244.6140095919398,205.01712131251804,244.61400670963295,290.4442373430983,290.44445800793477,290.4442968699776,290.4444580079167,220.42277621606127, 222.0991099366645
160.85783198721475,160.85783156891003,274.2339967065485,274.2339967065485,244.61585618089183,205.01586783762897,244.615881347296,290.4442813482061,290.4444580079155,290.44437565341156,290.4444580078578,220.40622819143013, 222.1014333890455
160.8556134747,160.8556134747,274.2327165188859,274.2327165188859,244.61544030503808,205.01372134004532,244.61542109707824,290.4443353813795,290.4444580078578,290.44435930338716,290.4444580078397,220.45660996097303, 222.1014463092054
160.8556134747,160.8556134747,274.2327165188859,274.2327165188859,244.61544030503808,205.01372134004532,244.61542109707824,290.4443353813795,290.4444580078578,290.44435930338716,290.4444580078397,220.45660996097303, 222.1014463092054
160.85743327284584,160.8574330460994,274.2344971426223,274.2344971426223,244.61640687868402,205.0146624898589,244.6164281953912,290.44436904958656,290.4444580078706,290.4443506076089,290.44445800783217,220.0606361765366, 222.10233100178127
160.85711253398605,160.85711253398605,274.23481031151266,274.23481031151266,244.61746658149104,205.016982545037,244.61745508094464,290.4443221757107,290.44445800789117,290.4443188157456,290.44445800784496,219.61908315223337, 222.1029296532228
160.84366495763197,160.84366532965745,274.2210608836975,274.2210608836975,244.61080116056843,205.01659344467583,244.6108039619328,290.4443147993324,290.44445800789117,290.4442931281469,290.444458007861,219.16494473024855, 222.09567112219446
160.84534532926529,160.8453605843985,274.2220834813931,274.2220834813931,244.60728266504265,204.99949172434148,244.6072611110449,290.4442840600777,290.44445800786553,290.4442723137611,290.444458007861,219.1401880678074, 222.0957443450233
160.85172909953363,160.8517286198454,274.2289646784709,274.2289646784709,244.61122009850152,205.0015913377196,244.61123573818767,290.4442286856134,290.44445800786553,290.4442249530202,290.444458007861,219.48692842152755, 222.09962979499372
160.85483412930265,160.85483412930265,274.2321796273394,274.2321796273394,244.61446136303428,205.0097616606037,244.61448288736975,290.44420853249824,290.44445800786553,290.44424183462314,290.444458007861,219.87436895171675, 222.10133440252463
160.85742137575147,160.85742137575147,274.2332853342129,274.2332853342129,244.61544953528932,205.0164497044834,244.61547277324394,290.44420949986335,290.44445800786553,290.4441913349793,290.444458007861,219.89490116828568, 222.10085194461527
160.85742137575147,160.85742137575147,274.2332853342129,274.2332853342129,244.61544953528932,205.0164497044834,244.61547277324394,290.44420949986335,290.44445800786553,290.4441913349793,290.444458007861,219.89490116828568, 222.10085194461527
160.8582732170214,160.8582732170214,274.23502716303824,274.23502716303824,244.616960885408,205.01699575554568,244.61698331189282,290.4441987696809,290.44445800786553,290.444184098434,290.444458007861,220.38196719773777, 222.10235834563497
160.85310585744188,160.8531052405054,274.2326776024365,274.2326776024365,244.61795329123703,205.0180445853015,244.6179663661697,290.44419010009534,290.44445800786553,290.4441782024608,290.444458007861,220.14342425554068, 222.10324914013012
160.8527385848632,160.85273878127134,274.2325528365145,274.2325528365145,244.61687668072676,205.01249924659425,244.61689300057333,290.444177376336,290.44445800786553,290.44416955918547,290.444458007861,219.4969726768964, 222.10331488336558
160.8527385848632,160.85273878127134,274.2325528365145,274.2325528365145,244.61687668072676,205.01249924659425,244.61689300057333,290.444177376336,290.44445800786553,290.44416955918547,290.444458007861,219.4969726768964, 222.10331488336558
160.8515332023386,160.8515179471597,274.23020208720544,274.23020208720544,244.61472463918048,205.01099838248624,244.61472978304909,290.4441727397219,290.44445800786553,290.444166430084,290.444458007861,219.3586424629106, 222.10130160328887
160.85134141947603,160.85135679229757,274.22630793553566,274.22630793553566,244.61013970631936,205.00947922179074,244.6101484375915,290.444168997282,290.44445800786553,290.44416390243634,290.444458007861,219.94869909939638, 222.09661945414211
160.8544622491844,160.85447750568642,274.23104468861897,274.23104468861897,244.6133719421401,205.00927140434771,244.61337042764814,290.44416594372035,290.44445800786553,290.44416182048695,290.444458007861,220.38922922575364, 222.10020491211486
160.856318299757,160.8563139275009,274.2327380961958,274.2327380961958,244.61490246407587,205.01325295687292,244.61491949128404,290.444163504652,290.44445800786553,290.4441601506777,290.444458007861,219.9958471970655, 222.10098198933898
160.85758503460593,160.8575850655955,274.23392207624454,274.23392207624454,244.61582391163392,205.0155538473234,244.6158470547657,290.44416150018395,290.44445800786553,290.44415880661586,290.444458007861,219.54192792502644, 222.10149921345896
160.85500636976084,160.85500658275987,274.2283826607958,274.2283826607958,244.6116898023739,205.01717125812945,244.61169479540956,290.44415986613853,290.44445800786553,290.4441576907839,290.444458007861,220.13546694426702, 222.09654951950034
160.85646206032342,160.85646175803643,274.2312886946201,274.2312886946201,244.61330067391435,205.01387839896248,244.6132995271629,290.4441585508606,290.44445800786553,290.4441567953868,290.444458007861,220.59746301330563, 222.0990467848601
160.85774907599344,160.85773381980172,274.23373402152055,274.23373402152055,244.61558437678653,205.01574876182838,244.615615713902,290.44415750349845,290.44445800786553,290.44415608476606,290.444458007861,220.25900674166667, 222.10116501162403
160.8578959955889,160.8578959955889,274.2337446987647,274.2337446987647,244.61583899848674,205.017385413425,244.61584308985397,290.44415664230945,290.44445800786553,290.44415547945835,290.444458007861,219.6773602401984, 222.10105090172658
160.85823094701993,160.85821569100563,274.23514482585085,274.23514482585085,244.617223719778,205.01760020332375,244.6172595657213,290.4441559400723,290.44445800786553,290.44415501292514,290.444458007861,219.8629917023273, 222.1025475058128
160.85875038145954,160.858735124765,274.2360858381172,274.2360858381172,244.6181330617313,205.01837568987688,244.6181253938469,290.4441548984899,290.44445800786553,290.4441543031886,290.444458007861,218.6641739669417, 222.10334609920633
160.85875038145954,160.858735124765,274.2360858381172,274.2360858381172,244.6181330617313,205.01837568987688,244.6181253938469,290.4441548984899,290.44445800786553,290.4441543031886,290.444458007861,218.6641739669417, 222.10334609920633
160.85766191369913,160.85766191369913,274.23400799390606,274.23400799390606,244.6165523271698,205.01868388544239,244.61658015861423,290.44415452402984,290.44445800786553,290.44415404355453,290.444458007861,218.99214807504322, 222.10155353837692
160.85779931484794,160.8578145718035,274.2351278657938,274.2351278657938,244.6174056681332,205.01729348911314,244.61740257436534,290.444154222948,290.44445800786553,290.4441538286915,290.444458007861,219.23576860915875, 222.10279543854978
160.85531192465928,160.8553122356737,274.2229720489062,274.2229720489062,244.60550845457792,205.0176950042438,244.60553806864624,290.44415376983306,290.44445800786553,290.4441535217994,290.444458007861,219.78227724127194, 222.0896307067737
160.85548152887694,160.85548152887694,274.22769110817075,274.22769110817075,244.61002039961664,205.01432185355023,244.6100242470073,290.44415361263924,290.44445800786553,290.4441534014641,290.444458007861,219.92868039566417, 222.0953360631089
160.85548152887694,160.85548152887694,274.22769110817075,274.22769110817075,244.61002039961664,205.01432185355023,244.6100242470073,290.44415361263924,290.44445800786553,290.4441534014641,290.444458007861,219.92868039566417, 222.0953360631089
160.85668386225484,160.85668386225484,274.2279715173704,274.2279715173704,244.60955383701133,205.0145326350922,244.60959165410554,290.44415347782683,290.44445800786553,290.4441533129763,290.444458007861,219.86960299757712, 222.09482413044384
160.85793427893947,160.8579341912744,274.2334549647546,274.2334549647546,244.61524375632547,205.0162850254998,244.61528835147894,290.4441532752217,290.44445800786553,290.44415317256363,290.444458007861,218.92962909744583, 222.10066007235585
160.85793427893947,160.8579341912744,274.2334549647546,274.2334549647546,244.61524375632547,205.0162850254998,244.61528835147894,290.4441532752217,290.44445800786553,290.44415317256363,290.444458007861,218.92962909744583, 222.10066007235585
160.85808032547058,160.85808032547058,274.23347472243546,274.23347472243546,244.61546993570178,205.01760229530862,244.61547218614757,290.44415320681276,290.44445800786553,290.44415311892897,290.444458007861,218.55956074922022, 222.10059340772347
160.85693650532113,160.85693656953242,274.23239869519347,274.23239869519347,244.6144922561435,205.01515136095313,244.61450316969865,290.4441531007142,290.44445800786553,290.44415304261196,290.444458007861,220.0334617109541, 222.1001038062454
160.85693650532113,160.85693656953242,274.23239869519347,274.23239869519347,244.6144922561435,205.01515136095313,244.61450316969865,290.4441531007142,290.44445800786553,290.44415304261196,290.444458007861,220.0334617109541, 222.1001038062454
160.8564451215127,160.8564451215127,274.2324856227284,274.2324856227284,244.6144532271492,205.01284684931417,244.61446222587531,290.44415303070605,290.44445800786553,290.44415299297424,290.444458007861,219.31999030623723, 222.1005765087533
160.85484566011516,160.85484566011516,274.2289074867241,274.2289074867241,244.61206932801653,205.01576493405128,244.61209141423353,290.444153003891,290.44445800786553,290.4441529751779,290.444458007861,218.19622499652195, 222.09728655444624
160.85484566011516,160.85484566011516,274.2289074867241,274.2289074867241,244.61206932801653,205.01576493405128,244.61209141423353,290.444153003891,290.44445800786553,290.4441529751779,290.444458007861,218.19622499652195, 222.09728655444624
160.85396106008963,160.8539613393898,274.23054227075556,274.23054227075556,244.61407258287798,205.01369891989526,244.61406741400674,290.4441529823422,290.44445800786553,290.44415296052114,290.444458007861,218.49566742769653, 222.09993590483637
160.85573853768148,160.8557232862595,274.23138907497474,274.23138907497474,244.61382321000247,205.01353423782763,244.61381778605565,290.4441529485901,290.44445800786553,290.4441529353093,290.444458007861,219.4079109365286, 222.09971774316338
160.85573853768148,160.8557232862595,274.23138907497474,274.23138907497474,244.61382321000247,205.01353423782763,244.61381778605565,290.4441529485901,290.44445800786553,290.4441529353093,290.444458007861,219.4079109365286, 222.09971774316338
160.8575064876932,160.8575064876932,274.2340350039057,274.2340350039057,244.6161340255586,205.01594442860835,244.61613807780859,290.44415292592896,290.44445800786553,290.44415291837873,290.444458007861,219.2024987767496, 222.10171014507569
160.85806340919666,160.8580639416045,274.23503264879537,274.23503264879537,244.6171131528453,205.0171020053935,244.61712705074123,290.44415291953237,290.44445800786553,290.4441529119099,290.444458007861,219.16733859351427, 222.10251364016793
160.85806340919666,160.8580639416045,274.23503264879537,274.23503264879537,244.6171131528453,205.0171020053935,244.61712705074123,290.44415291953237,290.44445800786553,290.4441529119099,290.444458007861,219.16733859351427, 222.10251364016793
160.85082185017185,160.85082185017185,274.23122995433096,274.23122995433096,244.6177565025513,205.01780440860972,244.61774529966985,290.44415291269235,290.44445800786553,290.4441529074592,290.444458007861,219.56388124662485, 222.10305946741497
160.8548397864641,160.85484030387536,274.233836843768,274.233836843768,244.61607670153398,205.00856809281376,244.61610843515007,290.4441529072473,290.44445800786553,290.44415290306426,290.444458007861,219.34301416804686, 222.1033643802341
160.85558993181837,160.85557410552835,274.23419102704383,274.23419102704383,244.6171182464708,205.0136905341904,244.61712426186241,290.4441529033225,290.44445800786553,290.4441528988657,290.444458007861,219.54479721096175, 222.10330031129246
160.85275537095305,160.85275487529933,274.23153667543045,274.23153667543045,244.6161783510648,205.01466146915635,244.61618022640016,290.4441529009625,290.44445800786553,290.4441528961109,290.444458007861,220.06703860664027, 222.10206891817643
160.85523467452563,160.85525043522148,274.2338492267211,274.2338492267211,244.61636664507301,205.0110235985827,244.6163606972553,290.4441528978072,290.44445800786553,290.4441528952643,290.444458007861,220.22175972315955, 222.1030812296986
160.85705836464922,160.8570588297719,274.2351846461332,274.2351846461332,244.6173501200901,205.01420826312676,244.61736150477836,290.44415289596026,290.44445800786553,290.4441528937252,290.444458007861,219.51001214804222, 222.10343916707635
160.85627063123516,160.85628635030517,274.2349241742805,274.2349241742805,244.61805896377794,205.01653143989492,244.61805875771935,290.44415289511375,290.44445800786553,290.4441528930326,290.444458007861,219.73971912965177, 222.1036606385705
160.85598982590375,160.85598924334946,274.2339796888398,274.2339796888398,244.61698569876282,205.01553078597507,244.61696548555216,290.4441528935746,290.44445800786553,290.44415289180125,290.444458007861,220.34346161179332, 222.10274534542367
160.85725535369366,160.85727125899012,274.23486670512676,274.23486670512676,244.61706305509864,205.01517711365864,244.617056240324,290.44415289288196,290.44445800786553,290.44415289126255,290.444458007861,220.58363474525885, 222.10288956814736
160.85847055640673,160.85845595918775,274.2360475169934,274.2360475169934,244.6180902335706,205.01763943713786,244.6181031624061,290.44415289111197,290.44445800786553,290.44415289033907,290.444458007861,219.9182319532952, 222.10346503596816
160.85847055640673,160.85845595918775,274.2360475169934,274.2360475169934,244.6180902335706,205.01763943713786,244.6181031624061,290.44415289111197,290.44445800786553,290.44415289033907,290.444458007861,219.9182319532952, 222.10346503596816
160.85735208810465,160.85735055244504,274.2346628822158,274.2346628822158,244.617445635013,205.018321362975,244.61743862892652,290.4441528906246,290.44445800786553,290.4441528899543,290.444458007861,219.28790138881266, 222.10261512480986
160.85537702709433,160.85539228110682,274.2340554042728,274.2340554042728,244.61770962037133,205.01693735915723,244.6177452191498,290.4441528901885,290.44445800786553,290.4441528899543,290.444458007861,219.51447174108225, 222.10323554755357
160.8569460890933,160.85693083570436,274.23505095549984,274.23505095549984,244.617305950292,205.01438886037423,244.6173186062071,290.4441528901885,290.44445800786553,290.4441528896208,290.444458007861,219.72589447350904, 222.10336437449845
160.85713464925365,160.857118720404,274.2338969793799,274.2338969793799,244.6163073830969,205.01638312205708,244.6162870995388,290.4441528898037,290.44445800786553,290.4441528893386,290.444458007861,219.3779510003834, 222.10182305868534
160.856812976575,160.856812976575,274.23108899168824,274.23108899168824,244.6134525331662,205.01662128439517,244.61345384150107,290.4441528894702,290.44445800786553,290.4441528893386,290.444458007861,219.14632206913421, 222.0985841178003
160.85095821576758,160.85095821576758,274.23046342368525,274.23046342368525,244.61626612637173,205.01528164212976,244.61628144900436,290.44415288895715,290.44445800786553,290.4441528891078,290.444458007861,219.13186648839655, 222.10203166095815
160.85095821576758,160.85095821576758,274.23046342368525,274.23046342368525,244.61626612637173,205.01528164212976,244.61628144900436,290.44415288895715,290.44445800786553,290.4441528891078,290.444458007861,219.13186648839655, 222.10203166095815
160.85424914105604,160.85424914105604,274.2332295832829,274.2332295832829,244.6158507007773,205.00878416563918,244.61588297364858,290.44415288895715,290.44445800786553,290.4441528889282,290.444458007861,219.4533798479178, 222.10306589524788
160.85554593523906,160.85557643656213,274.2341561080424,274.2341561080424,244.61698679482407,205.01328339730665,244.6169867809675,290.4441528887776,290.44445800786553,290.4441528889282,290.444458007861,219.4472865195674, 222.1032612982012
160.85554593523906,160.85557643656213,274.2341561080424,274.2341561080424,244.61698679482407,205.01328339730665,244.6169867809675,290.4441528887776,290.44445800786553,290.4441528889282,290.444458007861,219.4472865195674, 222.1032612982012
160.8570972598183,160.8570972598183,274.2292820286613,274.2292820286613,244.61079887416395,205.01464555568504,244.6108406941511,290.4441528887776,290.44445800786553,290.4441528887999,290.444458007861,218.928460569479, 222.09615656063244
160.8546799699075,160.8546799699075,274.22965776155473,274.22965776155473,244.613209324025,205.01660637489056,244.61321188118492,290.4441528887776,290.44445800786553,290.4441528887999,290.444458007861,218.98473957679266, 222.09833730315017
160.85720400437523,160.85720454060714,274.2331051764017,274.2331051764017,244.61534659234195,205.01618633273097,244.61533167224871,290.44415288864934,290.44445800786553,290.4441528887999,290.444458007861,219.4158966582205, 222.10076160197914
160.85720400437523,160.85720454060714,274.2331051764017,274.2331051764017,244.61534659234195,205.01618633273097,244.61533167224871,290.44415288864934,290.44445800786553,290.4441528887999,290.444458007861,219.4158966582205, 222.10076160197914
160.85710697189336,160.85712222725581,274.23418166436386,274.23418166436386,244.6167317559054,205.0167284723358,244.61675044638554,290.44415288864934,290.44445800786553,290.4441528887999,290.444458007861,219.42838604621517, 222.10217890123076
160.85798530439757,160.85798593029807,274.23495662868794,274.23495662868794,244.61697961191106,205.01663210412985,244.61697127155196,290.44415288864934,290.44445800786553,290.444152888723,290.444458007861,218.46024004770027, 222.10247583956323
160.85815146860298,160.8581673344524,274.2354973396175,274.2354973396175,244.6176981118982,205.01774193303032,244.61770526707326,290.44415288864934,290.44445800786553,290.444152888723,290.444458007861,218.83869107924264, 222.1030048317081
160.85704125516506,160.85704066682482,274.2352695052381,274.2352695052381,244.61821850998322,205.0179331070217,244.61824049705797,290.4441528885724,290.44445800786553,290.444152888723,290.444458007861,219.28687082076843, 222.10357367524048
160.85684739221315,160.8568485487409,274.23495786428754,274.23495786428754,244.617687949424,205.01646567846956,244.61768347631818,290.4441528885724,290.44445800786553,290.444152888723,290.444458007861,219.23343225952243, 222.10327975942775
160.8570119710624,160.8570267352746,274.2342922477613,274.2342922477613,244.61679364838255,205.01625804702687,244.61680021191933,290.4441528885724,290.44445800786553,290.444152888723,290.444458007861,218.7751063058675, 222.10236564355958
160.8563659831741,160.8563659831741,274.2342670602979,274.2342670602979,244.61723917491864,205.01648689425298,244.61725511689858,290.4441528885724,290.44445800786553,290.444152888723,290.444458007861,219.60173432576707, 222.10280868693948
160.85696327257776,160.85694754073074,274.23398610729726,274.23398610729726,244.61634569704034,205.01564227772818,244.61637476363882,290.4441528885724,290.44445800786553,290.444152888723,290.444458007861,219.4862664977762, 222.10204349485346
160.85698133331542,160.85698133331542,274.23428429734867,274.23428429734867,244.61684466449825,205.01635773805424,244.61684122779133,290.4441528885724,290.44445800786553,290.444152888723,290.444458007861,219.2321817533332, 222.10239148525437
160.8578580702846,160.8578580702846,274.2351332607023,274.2351332607023,244.6174923431204,205.0176374042265,244.61749381520397,290.4441528885724,290.44445800786553,290.444152888723,290.444458007861,219.1242556875985, 222.10281422487154
160.85691388333709,160.85689929216318,274.234668656455,274.234668656455,244.6175577164866,205.01754762523814,244.61757622631413,290.4441528885724,290.44445800786553,290.4441528886973,290.444458007861,219.19421612584364, 222.10290281089527
160.85691388333709,160.85689929216318,274.234668656455,274.234668656455,244.6175577164866,205.01754762523814,244.61757622631413,290.4441528885724,290.44445800786553,290.4441528886973,290.444458007861,219.19421612584364, 222.10290281089527
160.8520794177227,160.8520794177227,274.2298558660393,274.2298558660393,244.61507538791517,205.016340812367,244.61511450381184,290.4441528885724,290.44445800786553,290.4441528886973,290.444458007861,219.72586456604645, 222.10047386067748
160.8550053673602,160.8550053673602,274.23151571066916,274.23151571066916,244.61373926413685,205.01018119238248,244.61373424291102,290.44415288854674,290.44445800786553,290.4441528886973,290.444458007861,219.56725691722545, 222.10039759169487
160.85794382570944,160.85794507914923,274.23136069000384,274.23136069000384,244.61285841900846,205.01610881313587,244.61286421315603,290.44415288854674,290.44445800786553,290.4441528886973,290.444458007861,219.857153266531, 222.09805051463107
160.85794382570944,160.85794507914923,274.23136069000384,274.23136069000384,244.61285841900846,205.01610881313587,244.61286421315603,290.44415288854674,290.44445800786553,290.4441528886973,290.444458007861,219.857153266531, 222.09805051463107
160.85769531353577,160.85769531353577,274.2326456573872,274.2326456573872,244.6148116531558,205.01762877256897,244.61478621861448,290.44415288854674,290.44445800786553,290.4441528886973,290.444458007861,219.622645415154, 222.0998504717157
160.85656787017294,160.85656787017294,274.2300654104682,274.2300654104682,244.61266947219667,205.01774382412384,244.6126689610961,290.44415288854674,290.44445800786553,290.4441528886973,290.444458007861,219.46012482973978, 222.0974766191839
160.85656787017294,160.85656787017294,274.2300654104682,274.2300654104682,244.61266947219667,205.01774382412384,244.6126689610961,290.44415288854674,290.44445800786553,290.4441528886973,290.444458007861,219.46012482973978, 222.0974766191839
160.8556481542914,160.8556481542914,274.2290619489364,274.2290619489364,244.61172641326064,205.0158565411258,244.61175148732445,290.44415288854674,290.44445800786553,290.4441528886973,290.444458007861,219.114362092966, 222.09690078214993
160.85737172456072,160.85735682203867,274.23139185105754,274.23139185105754,244.61298617958053,205.01469271863147,244.61300743816182,290.44415288854674,290.44445800786553,290.4441528886973,290.444458007861,219.2669418697848, 222.09852651245205
160.85562346817963,160.85560821083533,274.2258112480789,274.2258112480789,244.6083644651103,205.01686367563752,244.60836300214206,290.44415288854674,290.44445800786553,290.4441528886973,290.444458007861,219.21433667343052, 222.092939590415
160.85817750380667,160.85817668668142,274.23170979437464,274.23170979437464,244.61326499208516,205.0167844029792,244.61326637147576,290.44415288854674,290.44445800786553,290.4441528886973,290.444458007861,219.618194075389, 222.09836997876212
160.85817750380667,160.85817668668142,274.23170979437464,274.23170979437464,244.61326499208516,205.0167844029792,244.61326637147576,290.44415288854674,290.44445800786553,290.4441528886973,290.444458007861,219.618194075389, 222.09836997876212
160.85859496540405,160.85858016179074,274.2341689919796,274.2341689919796,244.61599637733013,205.01797070165347,244.61599783940002,290.44415288854674,290.44445800786553,290.4441528886973,290.444458007861,219.20547214301942, 222.10107449745053
160.85739259259356,160.85739202205804,274.23242292100934,274.23242292100934,244.6149237336354,205.01842879695047,244.61493001501333,290.44415288854674,290.44445800786553,290.4441528886973,290.444458007861,219.47831938569135, 222.09982008064407
160.85787312913052,160.85787250157952,274.230286860729,274.230286860729,244.61188201841452,205.0169551025929,244.61191120914478,290.44415288854674,290.44445800786553,290.4441528886973,290.444458007861,219.45564224382716, 222.0968226999416
160.85755074593524,160.85755074593524,274.2321393042138,274.2321393042138,244.6142935030772,205.01758835149,244.61430056093036,290.44415288854674,290.44445800786553,290.4441528886973,290.444458007861,219.21202482960933, 222.0993202343227
160.8564668124592,160.85646615412426,274.23233452989086,274.23233452989086,244.61516200686157,205.0171633325952,244.6151655887722,290.44415288854674,290.44445800786553,290.4441528886973,290.444458007861,218.76381909080598, 222.10037136974267
160.85766440828573,160.85764981625357,274.2332951732208,274.2332951732208,244.61516241436408,205.01575249657427,244.61517842656835,290.44415288854674,290.44445800786553,290.4441528886973,290.444458007861,219.4688319002315, 222.10067591251817
160.8577211529381,160.85772172121446,274.2339350103326,274.2339350103326,244.61616233411976,205.01726321608677,244.61614077779194,290.44415288854674,290.44445800786553,290.4441528886973,290.444458007861,220.01907248675232, 222.10140787658074
160.85804267983065,160.8580579362681,274.2301786185398,274.2301786185398,244.61175028312672,205.0173907790126,244.61176832808428,290.44415288854674,290.44445800786553,290.4441528886973,290.444458007861,219.32666741086356, 222.09655588094333
160.8576596699041,160.8576596699041,274.2276999520042,274.2276999520042,244.60930478529244,205.0177878639045,244.60933193995794,290.44415288854674,290.44445800786553,290.4441528886973,290.444458007861,219.20226159210674, 222.0937756939935
160.85779104126854,160.85780629660087,274.23092992738094,274.23092992738094,244.61274155516747,205.0172706086366,244.6127552781868,290.44415288854674,290.44445800786553,290.4441528886973,290.444458007861,219.67530809823464, 222.09765635625095
160.8576221381822,160.8576221381822,274.23339286016204,274.23339286016204,244.61563754822774,205.01748536669018,244.6156645522235,290.44415288854674,290.44445800786553,290.4441528886973,290.444458007861,219.5347954577399, 222.1008203771559
160.85489021248608,160.85489054085923,274.2310689209218,274.2310689209218,244.61418261398362,205.01430949336122,244.61419081523485,290.44415288854674,290.44445800786553,290.4441528886973,290.444458007861,218.60445263087342, 222.09992556285502
160.85489021248608,160.85489054085923,274.2310689209218,274.2310689209218,244.61418261398362,205.01430949336122,244.61419081523485,290.44415288854674,290.44445800786553,290.4441528886973,290.444458007861,218.60445263087342, 222.09992556285502
160.8553129057645,160.85531260267055,274.23273067079987,274.23273067079987,244.61562920209423,205.0137570627382,244.61565649038693,290.44415288854674,290.44445800786553,290.4441528886973,290.444458007861,219.2536507750667, 222.10168670021346
160.85637615142932,160.85637615142932,274.233391977821,274.233391977821,244.61580211719485,205.0142905951097,244.61583645722104,290.44415288854674,290.44445800786553,290.4441528886973,290.444458007861,219.15752455483002, 222.1017412120515
160.85591939163896,160.85592023311597,274.2338024179682,274.2338024179682,244.61683133716338,205.01565330934014,244.61684132504388,290.44415288854674,290.44445800786553,290.4441528886973,290.444458007861,219.04148265324312, 222.102535393595
160.85585441172415,160.85585441172415,274.2337356772675,274.2337356772675,244.61669338462363,205.01506036517432,244.61669723659224,290.44415288854674,290.44445800786553,290.4441528886973,290.444458007861,218.99365226753508, 222.1025301083911
160.8567969298132,160.85679745170526,274.2342553210337,274.2342553210337,244.61662801124655,205.0149775988471,244.6166479863876,290.44415288854674,290.44445800786553,290.4441528886973,290.444458007861,219.42473619276274, 222.10246923138567
160.85719642952336,160.85719642952336,274.2295166502193,274.2295166502193,244.6113031579833,205.0161773857557,244.61131376038537,290.44415288854674,290.44445800786553,290.4441528886973,290.444458007861,218.65188199124853, 222.09634104954674
160.85717010675268,160.85717010675268,274.2289775669719,274.2289775669719,244.61082700060152,205.01678069440422,244.6108349333318,290.44415288854674,290.44445800786553,290.4441528886973,290.444458007861,219.41054183233547, 222.09568743768992
160.85717010675268,160.85717010675268,274.2289775669719,274.2289775669719,244.61082700060152,205.01678069440422,244.6108349333318,290.44415288854674,290.44445800786553,290.4441528886973,290.444458007861,219.41054183233547, 222.09568743768992
160.85716648803455,160.85716648803455,274.2286725278951,274.2286725278951,244.61049467132167,205.01664886905812,244.61047836855107,290.44415288854674,290.44445800786553,290.4441528886973,290.444458007861,219.30475530918412, 222.09534210180806
160.85613427766688,160.85615002019017,274.2305706030056,274.2305706030056,244.61330353196914,205.0166673316185,244.61330623676773,290.44415288854674,290.44445800786553,290.4441528886973,290.444458007861,219.62660048194533, 222.09841019898445
160.8561531590723,160.85613790290435,274.22827842091243,274.22827842091243,244.61074260843324,205.01673902234418,244.61075371557507,290.44415288854674,290.44445800786553,290.4441528886973,290.444458007861,218.56314384069486, 222.0955926670013
160.85392640582052,160.85394166128197,274.2276829437336,274.2276829437336,244.61123328171686,205.01535188366765,244.6112383173211,290.44415288854674,290.44445800786553,290.4441528886973,290.444458007861,218.9820555871227, 222.09645004167498
160.85392640582052,160.85394166128197,274.2276829437336,274.2276829437336,244.61123328171686,205.01535188366765,244.6112383173211,290.44415288854674,290.44445800786553,290.4441528886973,290.444458007861,218.9820555871227, 222.09645004167498
160.85551074812648,160.85551074812648,274.23003720645585,274.23003720645585,244.61226932717324,205.01254769283915,244.6122816802808,290.44415288854674,290.44445800786553,290.4441528886973,290.444458007861,219.69801098528012, 222.09822517548002
160.8565469584962,160.8565469584962,274.23274713811185,274.23274713811185,244.61502360682596,205.0145412209044,244.61500390111763,290.44415288854674,290.44445800786553,290.4441528886973,290.444458007861,219.91994123993055, 222.10079957044346
160.85657588841616,160.85657509716015,274.22285712158265,274.22285712158265,244.6041834382807,205.0158882848923,244.60420215466704,290.44415288854674,290.44445800786553,290.4441528886973,290.444458007861,219.44472201242937, 222.0885840776606
160.8567462323446,160.8567462323446,274.2263678588705,274.2263678588705,244.60802620523094,205.01591740338398,244.60800411962265,290.44415288854674,290.44445800786553,290.4441528886973,290.444458007861,218.16430950001615, 222.09277956600525
160.85377393800488,160.85377393800488,274.2203560155694,274.2203560155694,244.60327148042902,205.01613398037418,244.6032958327082,290.44415288854674,290.44445800786553,290.4441528886973,290.444458007861,218.59925823760852, 222.08751131115918
160.85537943221453,160.85537943221453,274.2269635400086,274.2269635400086,244.60865186469906,205.0112592224728,244.60864757280734,290.44415288854674,290.44445800786553,290.4441528886973,290.444458007861,219.7401397582533, 222.09451618211295
160.85537943221453,160.85537943221453,274.2269635400086,274.2269635400086,244.60865186469906,205.0112592224728,244.60864757280734,290.44415288854674,290.44445800786553,290.4441528886973,290.444458007861,219.7401397582533, 222.09451618211295
160.85518364554616,160.8551989003499,274.22793913854485,274.22793913854485,244.61049316153813,205.0143914914281,244.6104985361201,290.44415288854674,290.44445800786553,290.4441528886973,290.444458007861,218.90021203386954, 222.09585669160492
160.85566586812942,160.85566520927014,274.23144989370167,274.23144989370167,244.61405526423755,205.01415547620084,244.6140548691403,290.44415288854674,290.44445800786553,290.4441528886973,290.444458007861,217.94129260892797, 222.09984415958235
160.85715683103447,160.85715683103447,274.22936559814895,274.22936559814895,244.6108627543641,205.0147075362554,244.61086426631255,290.44415288854674,290.44445800786553,290.4441528886973,290.444458007861,218.6383376796958, 222.09619600858088
160.85808879770917,160.85807291429907,274.23426801356084,274.23426801356084,244.61616149296708,205.01656317426998,244.6161384481938,290.44415288854674,290.44445800786553,290.4441528886973,290.444458007861,219.21260626176948, 222.1015825979772
160.85808879770917,160.85807291429907,274.23426801356084,274.23426801356084,244.61616149296708,205.01656317426998,244.6161384481938,290.44415288854674,290.44445800786553,290.4441528886973,290.444458007861,219.21260626176948, 222.1015825979772
160.85673155353246,160.85673155353246,274.2317268977792,274.2317268977792,244.61441196349168,205.01781131512334,244.61441231269197,290.44415288854674,290.44445800786553,290.4441528886973,290.444458007861,218.94549580673993, 222.09937882944294
160.8573637174843,160.8573637174843,274.2328278958669,274.2328278958669,244.6148837010668,205.01609563932033,244.61486552436227,290.44415288854674,290.44445800786553,290.4441528886973,290.444458007861,219.25702279100528, 222.1003009122259
160.85795031784403,160.85796449487802,274.2340153182037,274.2340153182037,244.61602429281817,205.01691392291323,244.6160189885925,290.44415288854674,290.44445800786553,290.4441528886973,290.444458007861,219.42969146865144, 222.10137537245296
160.85835345211882,160.85835403288135,274.2348558170762,274.2348558170762,244.6168266133808,205.01768647032085,244.61683888102144,290.44415288854674,290.44445800786553,290.4441528886973,290.444458007861,219.10654808723268, 222.1020756725183
160.85648775564778,160.8564724984057,274.2320384016526,274.2320384016526,244.61505254563593,205.01817630441616,244.61504363784235,290.44415288854674,290.44445800786553,290.4441528886973,290.444458007861,219.68508414133473, 222.09999866109413
160.85684736602317,160.85684704871827,274.23289082283566,274.23289082283566,244.61524465324428,205.0157811399115,244.61525772279174,290.44415288854674,290.44445800786553,290.4441528886973,290.444458007861,220.00736768806874, 222.10077494757738
160.8574812682012,160.85748047631566,274.2296360297892,274.2296360297892,244.61129002268706,205.01622996307736,244.6112932338769,290.44415288854674,290.44445800786553,290.4441528886973,290.444458007861,219.34753981150791, 222.0963237215726
160.85144748739984,160.85144690521122,274.22204938095956,274.22204938095956,244.60690265302804,205.01708340266026,244.60690341371966,290.44415288854674,290.44445800786553,290.4441528886973,290.444458007861,218.5044266549201, 222.09129511913264
160.85644591128502,160.85643065552551,274.2287702051416,274.2287702051416,244.61053016321162,205.0139865791701,244.61053350138337,290.44415288854674,290.44445800786553,290.4441528886973,290.444458007861,219.4055354309095, 222.09598948150983
160.85644591128502,160.85643065552551,274.2287702051416,274.2287702051416,244.61053016321162,205.0139865791701,244.61053350138337,290.44415288854674,290.44445800786553,290.4441528886973,290.444458007861,219.4055354309095, 222.09598948150983
160.8574886839862,160.8574886839862,274.22900449138353,274.22900449138353,244.61044612819364,205.01573282250044,244.61046700856986,290.44415288854674,290.44445800786553,290.4441528886973,290.444458007861,218.8694363746532, 222.09550543780404
160.8582162740317,160.8582162740317,274.23057539658873,274.23057539658873,244.6119695965972,205.01703566352433,244.61200435950605,290.44415288854674,290.44445800786553,290.4441528886973,290.444458007861,219.3459547789014, 222.09690175552402
160.85795882317484,160.85797407993866,274.2328968510964,274.2328968510964,244.61495089273242,205.01799406185324,244.61494726731385,290.44415288854674,290.44445800786553,290.4441528886973,290.444458007861,219.3986849280183, 222.09994315661083
160.85846365065873,160.85844790563056,274.2316711464335,274.2316711464335,244.61322675344667,205.0176762598554,244.61321662237265,290.44415288854674,290.44445800786553,290.4441528886973,290.444458007861,219.48237280246593, 222.09811567478272
160.85867181403844,160.85865603380037,274.2330975531662,274.2330975531662,244.6148117172602,205.01828769936316,244.6148217729659,290.44415288854674,290.44445800786553,290.4441528886973,290.444458007861,219.30635826873151, 222.09973131541165
160.8538685563104,160.85385273058057,274.2298158755647,274.2298158755647,244.61433407117488,205.01854552026745,244.6143678856151,290.44415288854674,290.44445800786553,290.4441528886973,290.444458007861,219.1556491976999, 222.0991570041966
160.85357120923288,160.85357120923288,274.23001647470045,274.23001647470045,244.613855167992,205.01410819091106,244.61385054872432,290.44415288854674,290.44445800786553,290.4441528886973,290.444458007861,219.55292307061958, 222.09960242787804
160.85357120923288,160.85357120923288,274.23001647470045,274.23001647470045,244.613855167992,205.01410819091106,244.61385054872432,290.44415288854674,290.44445800786553,290.4441528886973,290.444458007861,219.55292307061958, 222.09960242787804
160.85536441488625,160.85536441488625,274.2321539351538,274.2321539351538,244.614617165076,205.0121011121944,244.6145975985028,290.44415288854674,290.44445800786553,290.4441528886973,290.444458007861,219.56272499724616, 222.10091342436644
160.85717244677437,160.85715677627863,274.2334656208104,274.2334656208104,244.61539904417137,205.01439346152299,244.61538985083362,290.44415288854674,290.44445800786553,290.4441528886973,290.444458007861,219.3321884596151, 222.1012529809015
160.8573348611236,160.8573348611236,274.2327131623385,274.2327131623385,244.6149066738042,205.01665513943158,244.61490038462642,290.44415288854674,290.44445800786553,290.4441528886973,290.444458007861,219.56325395453783, 222.1001886704898
160.85803774718332,160.8580381704319,274.2341344933466,274.2341344933466,244.61608151583204,205.01687370812897,244.6160682044939,290.44415288854674,290.44445800786553,290.4441528886973,290.444458007861,219.41999095892862, 222.10141330530877
160.85783061603712,160.85784587213573,274.2332413845643,274.2332413845643,244.61541394088218,205.01780688344357,244.61541164927056,290.44415288854674,290.44445800786553,290.4441528886973,290.444458007861,219.66722957455272, 222.10046892500603
160.8565478541159,160.85656262042892,274.23066205227354,274.23066205227354,244.61332252149575,205.01762612674378,244.61331798117754,290.44415288854674,290.44445800786553,290.4441528886973,290.444458007861,218.5394269410455, 222.09823580373217
160.85771642616584,160.8577173472538,274.2322782988792,274.2322782988792,244.61397437937808,205.0158853263052,244.6139981593936,290.44415288854674,290.44445800786553,290.4441528886973,290.444458007861,218.67214987006233, 222.09934120386856
160.85771642616584,160.8577173472538,274.2322782988792,274.2322782988792,244.61397437937808,205.0158853263052,244.6139981593936,290.44415288854674,290.44445800786553,290.4441528886973,290.444458007861,218.67214987006233, 222.09934120386856
160.8583804171512,160.85836516091658,274.2344271600346,274.2344271600346,244.6162832037681,205.01732432391302,244.61628675485576,290.44415288854674,290.44445800786553,290.4441528886973,290.444458007861,218.93792939958715, 222.10155566023025
160.85827635761132,160.85827597595662,274.2349395765813,274.2349395765813,244.61711786404692,205.01818094455055,244.61714677446298,290.44415288854674,290.44445800786553,290.4441528886973,290.444458007861,219.2959970047716, 222.10228407823973
160.85809148714202,160.85807623084528,274.23499713080633,274.23499713080633,244.6172726735307,205.01810548092527,244.6172836918575,290.44415288854674,290.44445800786553,290.4441528886973,290.444458007861,219.46026990804492, 222.10247105398602
160.85840255457322,160.85838729786013,274.2351597369662,274.2351597369662,244.61717784460893,205.01782265507478,244.61719335924076,290.44415288854674,290.44445800786553,290.4441528886973,290.444458007861,219.03472899343424, 222.10243435935865
160.8581097526134,160.85810945611922,274.2350099287069,274.2350099287069,244.61729894521773,205.01820480715358,244.61728647752975,290.44415288854674,290.44445800786553,290.4441528886973,290.444458007861,219.5296847670817, 222.10247915272993
160.85664538522556,160.85664538522556,274.23268529726886,274.23268529726886,244.61558019157857,205.0178432306096,244.6155690313286,290.44415288854674,290.44445800786553,290.4441528886973,290.444458007861,219.6910306529594, 222.10065360497916
160.85784208150116,160.85784208150116,274.2347412945782,274.2347412945782,244.61669272626577,205.01593342506538,244.6167116720325,290.44415288854674,290.44445800786553,290.4441528886973,290.444458007861,219.73860159293784, 222.10233440551147
160.85756077267308,160.85756033247668,274.23514573564313,274.23514573564313,244.61765469178403,205.01754110656753,244.6176692895108,290.44415288854674,290.44445800786553,290.4441528886973,290.444458007861,219.39044431247564, 222.10303900167168
160.85792910796,160.85791337779094,274.2326104297034,274.2326104297034,244.61451409268685,205.01715389150147,244.61451723874046,290.44415288854674,290.44445800786553,290.4441528886973,290.444458007861,219.21614919486095, 222.0996595427528
160.85748365224137,160.85748365224137,274.23388029086607,274.23388029086607,244.61626502522205,205.0174064256927,244.61627305885423,290.44415288854674,290.44445800786553,290.4441528886973,290.444458007861,218.6860283382783, 222.10152104740104
160.85748365224137,160.85748365224137,274.23388029086607,274.23388029086607,244.61626502522205,205.0174064256927,244.61627305885423,290.44415288854674,290.44445800786553,290.4441528886973,290.444458007861,218.6860283382783, 222.10152104740104
160.85809253511238,160.85809253511238,274.23490734619827,274.23490734619827,244.61693800272457,205.017080655826,244.61695266285088,290.44415288854674,290.44445800786553,290.4441528886973,290.444458007861,218.9538634400929, 222.10233936628424
160.8586232547897,160.8586232547897,274.23580862924507,274.23580862924507,244.61778241811365,205.01784284048358,244.6177796813032,290.44415288854674,290.44445800786553,290.4441528886973,290.444458007861,218.8588373990506, 222.1030686969748
160.85874122176244,160.85874122176244,274.2364342596447,274.2364342596447,244.61854688304982,205.01853285238676,244.61857563644804,290.44415288854674,290.44445800786553,290.4441528886973,290.444458007861,218.92728269209877, 222.10378387040922
160.85874122176244,160.85874122176244,274.2364342596447,274.2364342596447,244.61854688304982,205.01853285238676,244.61857563644804,290.44415288854674,290.44445800786553,290.4441528886973,290.444458007861,218.92728269209877, 222.10378387040922
160.85861218046017,160.85861218046017,274.23604116924264,274.23604116924264,244.61821989025714,205.01868554689082,244.61822639317612,290.44415288854674,290.44445800786553,290.4441528886973,290.444458007861,219.52456104208878, 222.10337612805756
160.8581941869777,160.8581941869777,274.22944972607456,274.22944972607456,244.61104118738737,205.01851504592977,244.61106322524094,290.44415288854674,290.44445800786553,290.4441528886973,290.444458007861,219.3733005771445, 222.09551963340158
160.8587766724359,160.8587770780298,274.23297869057427,274.23297869057427,244.61463077972257,205.0185547755043,244.61467656139314,290.44415288854674,290.44445800786553,290.4441528886973,290.444458007861,220.15099608351903, 222.0994584493738
160.8587766724359,160.8587770780298,274.23297869057427,274.23297869057427,244.61463077972257,205.0185547755043,244.61467656139314,290.44415288854674,290.44445800786553,290.4441528886973,290.444458007861,220.15099608351903, 222.0994584493738
160.8587221574539,160.85870690077695,274.23447151676316,274.23447151676316,244.61639667928128,205.01871849339523,244.61640731940224,290.44415288854674,290.44445800786553,290.4441528886973,290.444458007861,220.09307831058555, 222.10136284052564
160.8583888277976,160.85840408507067,274.2350535268293,274.2350535268293,244.6172166836481,205.01862949675845,244.61724754312363,290.44415288854674,290.44445800786553,290.4441528886973,290.444458007861,219.71100399609404, 222.10229949099613
160.8581266173605,160.8581270783752,274.2345390659935,274.2345390659935,244.61680014980618,205.01834657004076,244.61678667613594,290.44415288854674,290.44445800786553,290.4441528886973,290.444458007861,219.9315017742856, 222.10185559353462
160.8581266173605,160.8581270783752,274.2345390659935,274.2345390659935,244.61680014980618,205.01834657004076,244.61678667613594,290.44415288854674,290.44445800786553,290.4441528886973,290.444458007861,219.9315017742856, 222.10185559353462
160.85765706722825,160.85767185349508,274.2248101590663,274.2248101590663,244.6060980161024,205.01788691457452,244.60609453307646,290.44415288854674,290.44445800786553,290.4441528886973,290.444458007861,219.40221489962636, 222.09021757973574
160.85771181252764,160.85771143307167,274.2283120609176,274.2283120609176,244.60985246466706,205.0173101289979,244.60986329992997,290.44415288854674,290.44445800786553,290.4441528886973,290.444458007861,219.5673464469778, 222.0944970375545
160.8575084532081,160.85750880662812,274.2318253656785,274.2318253656785,244.61395310209124,205.01736410597525,244.61395890679353,290.44415288854674,290.44445800786553,290.4441528886973,290.444458007861,219.50407364979742, 222.09896481099034
160.85704178338742,160.85704178338742,274.23265276270524,274.23265276270524,244.61509498083092,205.01712144506143,244.61511622712567,290.44415288854674,290.44445800786553,290.4441528886973,290.444458007861,219.76475390246378, 222.10032030935284
160.85724030422213,160.85722504670986,274.23331151371417,274.23331151371417,244.61561177278008,205.01648343154926,244.61561299057593,290.44415288854674,290.44445800786553,290.4441528886973,290.444458007861,219.47794830651046, 222.1010107200467
160.85727347442372,160.8572582176991,274.2336830118547,274.2336830118547,244.61604662356038,205.01673619868242,244.616054415581,290.44415288854674,290.44445800786553,290.4441528886973,290.444458007861,219.38287809106, 222.10143497721188
160.85708178735007,160.85708284227758,274.23340867588377,274.23340867588377,244.61584643950346,205.01675909864588,244.61584727746435,290.44415288854674,290.44445800786553,290.4441528886973,290.444458007861,219.41165701007424, 222.1011886854232
160.8580861671577,160.8580861671577,274.23519071475215,274.23519071475215,244.61713682258278,205.01654009392757,244.6171801713741,290.44415288854674,290.44445800786553,290.4441528886973,290.444458007861,219.45562693677468, 222.10269877494756
160.85723988078328,160.8572246258937,274.2343926499265,274.2343926499265,244.61708499974267,205.0178332923005,244.61711280926863,290.44415288854674,290.44445800786553,290.4441528886973,290.444458007861,219.21618874678896, 222.1023345617015
160.8573413616171,160.8573407519196,274.2345889717381,274.2345889717381,244.61698842992362,205.01671892242814,244.61701710141176,290.44415288854674,290.44445800786553,290.4441528886973,290.444458007861,219.27777388592125, 222.1025083879046
160.8548245143154,160.8548245143154,274.2329194841498,274.2329194841498,244.61647513218847,205.01516550279487,244.61647511805586,290.44415288854674,290.44445800786553,290.4441528886973,290.444458007861,219.65643149356046, 222.1022633407974
160.856540268564,160.8565407803827,274.23414837453976,274.23414837453976,244.61642155545522,205.01364185712495,244.61639720011772,290.44415288854674,290.44445800786553,290.4441528886973,290.444458007861,219.06753590136543, 222.10252757276953
160.856540268564,160.8565407803827,274.23414837453976,274.23414837453976,244.61642155545522,205.01364185712495,244.61639720011772,290.44415288854674,290.44445800786553,290.4441528886973,290.444458007861,219.06753590136543, 222.10252757276953
160.85756404880013,160.8575793039745,274.23522190332835,274.23522190332835,244.61739522887115,205.0158340864736,244.6173699302737,290.44415288854674,290.44445800786553,290.4441528886973,290.444458007861,219.5136736561363, 222.10310849589192
160.85677198351286,160.85677198351286,274.23490442560006,274.23490442560006,244.61784182899157,205.01719577825864,244.61788196942925,290.44415288854674,290.44445800786553,290.4441528886973,290.444458007861,220.4130685985897, 222.10329054417812
160.85733756444995,160.85733756444995,274.2354460808574,274.2354460808574,244.61785838062082,205.01617447415757,244.6178653968084,290.44415288854674,290.44445800786553,290.4441528886973,290.444458007861,219.90432685625245, 222.103559670587
160.85731292639252,160.85731292639252,274.22983713601514,274.22983713601514,244.61172497219835,205.01686694215988,244.61172164204783,290.44415288854674,290.44445800786553,290.4441528886973,290.444458007861,220.0607132567639, 222.09663723676584
160.8560344571621,160.85603496959612,274.229556016977,274.229556016977,244.61224185878848,205.0168358489908,244.61222773166864,290.44415288854674,290.44445800786553,290.4441528886973,290.444458007861,219.90202562588038, 222.09720775461665
160.85750942428876,160.85750995803008,274.2299597964996,274.2299597964996,244.6113904626893,205.0152204948574,244.61140987177137,290.44415288854674,290.44445800786553,290.4441528886973,290.444458007861,219.49009072485373, 222.09664813856367
160.85434968566756,160.85436439937604,274.22990309472584,274.22990309472584,244.61380594686713,205.01711900458167,244.61382737911114,290.44415288854674,290.44445800786553,290.4441528886973,290.444458007861,220.43060505954222, 222.0988978350255
160.85550596401288,160.8555212159809,274.22779002956605,274.22779002956605,244.60981826201606,205.0131215537911,244.60982332341206,290.44415288854674,290.44445800786553,290.4441528886973,290.444458007861,219.47261291751033, 222.09540632509677
160.8568639655254,160.8568644834686,274.2293679011204,274.2293679011204,244.6114303157308,205.01640544179307,244.61142566098977,290.44415288854674,290.44445800786553,290.4441528886973,290.444458007861,219.67291393145598, 222.0964034823145
160.8568639655254,160.8568644834686,274.2293679011204,274.2293679011204,244.6114303157308,205.01640544179307,244.61142566098977,290.44415288854674,290.44445800786553,290.4441528886973,290.444458007861,219.67291393145598, 222.0964034823145
160.85735160554123,160.85735160554123,274.2311458145713,274.2311458145713,244.6130693125636,205.01626448957293,244.6130791464807,290.44415288854674,290.44445800786553,290.4441528886973,290.444458007861,219.8740556469983, 222.09826408079624
160.85715782451558,160.85714298806516,274.2333017854344,274.2333017854344,244.61575839821126,205.01690723897576,244.61574577823438,290.44415288854674,290.44445800786553,290.4441528886973,290.444458007861,220.06063757221716, 222.1010483116866
160.85743188478267,160.85743188478267,274.2339129796372,274.2339129796372,244.61616696472575,205.01660241454857,244.61617025964364,290.44415288854674,290.44445800786553,290.4441528886973,290.444458007861,219.92569428957665, 222.10160925339548
160.8578124864949,160.85779723673002,274.2346896267711,274.2346896267711,244.61685702970783,205.01699630867137,244.6168644548011,290.44415288854674,290.44445800786553,290.4441528886973,290.444458007861,219.9776215001456, 222.10228048015023
160.85483944538146,160.85482419934849,274.2294700850896,274.2294700850896,244.61310308786275,205.017494486006,244.61313930145218,290.44415288854674,290.44445800786553,290.4441528886973,290.444458007861,219.73506031736, 222.09800215068302
160.85665761193954,160.85667351709537,274.23302223836293,274.23302223836293,244.6150639836819,205.01371012319314,244.6150639199834,290.44415288854674,290.44445800786553,290.4441528886973,290.444458007861,220.78610191301985, 222.1010300698663
160.85357936449532,160.85357884716683,274.2295350239285,274.2295350239285,244.61367186489605,205.01602895729033,244.61368198965678,290.44415288854674,290.44445800786553,290.4441528886973,290.444458007861,220.30946899039, 222.09899719673763
160.85629943561293,160.85631417183902,274.2331709827959,274.2331709827959,244.61513074326862,205.01211176817822,244.61516922850913,290.44415288854674,290.44445800786553,290.4441528886973,290.444458007861,219.4239474601821, 222.10152549633588
160.85400581913157,160.85400581913157,274.2326241645821,274.2326241645821,244.61679432269463,205.01561382240044,244.61678271595275,290.44415288854674,290.44445800786553,290.4441528886973,290.444458007861,218.83709334768255, 222.10250507368784
160.8549798551962,160.8549798551962,274.2263606599314,274.2263606599314,244.60847809104033,205.01262794283474,244.60847866739138,290.44415288854674,290.44445800786553,290.4441528886973,290.444458007861,218.81750548660443, 222.0940413622065
160.85634266036715,160.85634266036715,274.2319011015923,274.2319011015923,244.61422179709444,205.01461034715837,244.61422300426875,290.44415288854674,290.44445800786553,290.4441528886973,290.444458007861,219.759139177482, 222.0999105552512
160.85634266036715,160.85634266036715,274.2319011015923,274.2319011015923,244.61422179709444,205.01461034715837,244.61422300426875,290.44415288854674,290.44445800786553,290.4441528886973,290.444458007861,219.759139177482, 222.0999105552512
160.85274896637145,160.85274928717578,274.2259547618903,274.2259547618903,244.61011415696447,205.0156037539259,244.61010437364814,290.44415288854674,290.44445800786553,290.4441528886973,290.444458007861,220.51323314006797, 222.09513613611838
160.85537960008799,160.85537983597945,274.23045993183894,274.23045993183894,244.61247439010128,205.0110488080487,244.61252022876806,290.44415288854674,290.44445800786553,290.4441528886973,290.444458007861,220.3880669871826, 222.09881734317088
160.85235611652624,160.85235611652624,274.2271382502385,274.2271382502385,244.6114468476011,205.0144118699488,244.61144739190814,290.44415288854674,290.44445800786553,290.4441528886973,290.444458007861,220.7531042032296, 222.09689961392985
160.85472132270135,160.85472132270135,274.2225000101628,274.2225000101628,244.60391766081378,205.0105500792251,244.6038958909347,290.44415288854674,290.44445800786553,290.4441528886973,290.444458007861,220.13245408551933, 222.08948603198866
160.85117061950282,160.85117061950282,274.22335008723064,274.22335008723064,244.60781414422834,205.0135417792184,244.60783188538645,290.44415288854674,290.44445800786553,290.4441528886973,290.444458007861,219.65915262456613, 222.09310885713808
160.85441541070165,160.85440016305512,274.2289880741379,274.2289880741379,244.61104203452442,205.0090174572342,244.61104014739632,290.44415288854674,290.44445800786553,290.4441528886973,290.444458007861,219.25227700166246, 222.09769722783793
160.85535551308234,160.8553553960673,274.228425445284,274.228425445284,244.61114733204158,205.01540644268238,244.61116828843268,290.44415288854674,290.44445800786553,290.4441528886973,290.444458007861,219.68457103903614, 222.09633652981222
160.85535551308234,160.8553553960673,274.228425445284,274.228425445284,244.61114733204158,205.01540644268238,244.61116828843268,290.44415288854674,290.44445800786553,290.4441528886973,290.444458007861,219.68457103903614, 222.09633652981222
160.84603667059613,160.84603659447592,274.2170166792524,274.2170166792524,244.6042761092704,205.01436343950957,244.60426576712712,290.44415288854674,290.44445800786553,290.4441528886973,290.444458007861,219.46556865366512, 222.08899208700964
160.83679265894776,160.83679265894776,274.2047167403176,274.2047167403176,244.59407302287178,205.00247301032547,244.59407152180344,290.44415288854674,290.44445800786553,290.4441528886973,290.444458007861,219.18346987257777, 222.08051679845636
160.84831241333524,160.84829715889305,274.2183191543439,274.2183191543439,244.60187274190173,205.0031198801991,244.60188247482708,290.44415288854674,290.44445800786553,290.4441528886973,290.444458007861,220.15093704306483, 222.08896582086982
160.8502412658689,160.85022650485675,274.2214069517624,274.2214069517624,244.6045314813859,205.00532525092842,244.60452025192996,290.44415288854674,290.44445800786553,290.4441528886973,290.444458007861,220.61223091503356, 222.09138867620084
160.8502412658689,160.85022650485675,274.2214069517624,274.2214069517624,244.6045314813859,205.00532525092842,244.60452025192996,290.44415288854674,290.44445800786553,290.4441528886973,290.444458007861,220.61223091503356, 222.09138867620084
160.8543347554759,160.8543347554759,274.2284145856056,274.2284145856056,244.6102222514811,205.0078468506075,244.6102488562937,290.44415288854674,290.44445800786553,290.4441528886973,290.444458007861,219.76439971033258, 222.0970819774894
160.85638740703368,160.85638740703368,274.2324039717949,274.2324039717949,244.61444076333586,205.0130223789652,244.61443952434985,290.44415288854674,290.44445800786553,290.4441528886973,290.444458007861,219.88828463954385, 222.10051483279696
160.85716990511239,160.85716939986128,274.2336488963802,274.2336488963802,244.6158424168403,205.01565227488103,244.61587212342494,290.44415288854674,290.44445800786553,290.4441528886973,290.444458007861,220.5379377343328, 222.10145556180063
160.8575004812699,160.85748479855795,274.2343855877681,274.2343855877681,244.61669527491856,205.01667846166262,244.6166887448536,290.44415288854674,290.44445800786553,290.4441528886973,290.444458007861,220.12732469116048, 222.10213991838253
