169.2322823,169.2322672,260.4852553,260.4852553,224.4816795,211.4619505,224.481708,330.4664255,257.5166922,311.3441832,239.6290703,297.7812519,198.0227047
169.4621141,169.4621141,260.6355853,260.6355853,224.4457491,211.3046906,224.4458296,332.1693575,255.1057332,312.4700117,238.8889406,295.3511662,198.0239743
169.4621141,169.4621141,260.6355853,260.6355853,224.4457491,211.3046906,224.4458296,332.1693575,255.1057332,312.4700117,238.8889406,295.3511662,198.0239743
169.3147817,169.3147817,260.7802941,260.7802941,224.5735571,210.6602298,224.5735904,334.9320522,255.0248281,315.0047797,237.6918463,294.9927029,198.3402556
169.2735531,169.2735531,260.8654631,260.8654631,224.8001938,211.0724453,224.8002171,336.4728674,253.8260269,313.9483207,237.1060107,294.0195167,198.4873751
169.2735531,169.2735531,260.8654631,260.8654631,224.8001938,211.0724453,224.8002171,336.4728674,253.8260269,313.9483207,237.1060107,294.0195167,198.4873751
169.5771294,169.5771446,261.1269904,261.1269904,224.9284135,211.299809,224.9284047,335.2574254,253.3096836,315.9378721,236.6600255,293.8435755,198.5721203
169.7333196,169.7333196,261.0903069,261.0903069,224.6944828,210.986978,224.694523,332.4765487,252.8943143,313.823702,236.2884519,293.7191265,198.3903665
170.0588552,170.0588552,260.7964543,260.7964543,224.1661691,211.2411787,224.1661873,332.5135006,251.3638008,312.4557427,235.4879625,294.4773405,197.7239655
170.3587368,170.3587368,260.7671329,260.7671329,223.9191618,211.3045894,223.9192124,330.7325225,250.2842813,313.5360553,236.1229171,294.2347328,197.4269358
170.5961244,170.5961244,260.6954148,260.6954148,223.7327949,211.6346582,223.7327852,340.4474428,249.7346161,315.1463826,236.1838224,293.6989838,197.1269855
170.9197777,170.9197929,261.0530137,261.0530137,223.8006661,211.2027274,223.8007067,336.115499,248.9571627,315.303802,238.2524044,291.9652173,197.3197894
170.6523475,170.6523475,260.9947658,260.9947658,223.9855668,211.4096079,223.9856195,334.0735028,248.3912469,314.4558283,240.1128957,291.0505294,197.4741513
168.9243672,168.9243672,260.4510529,260.4510529,224.4614485,210.5577898,224.4614478,339.2973754,248.7556193,312.883595,244.8290796,288.9872859,198.2405001
168.9243672,168.9243672,260.4510529,260.4510529,224.4614485,210.5577898,224.4614478,339.2973754,248.7556193,312.883595,244.8290796,288.9872859,198.2405001
169.0690222,169.0690222,259.9634802,259.9634802,223.7408882,210.3646003,223.7408931,336.9556838,248.729301,314.2328931,243.3560058,289.1640109,197.475745
168.7819305,168.7819153,258.8061471,258.8061471,222.5797061,210.2233119,222.5797501,338.6319663,247.0486041,314.1422303,241.0101978,289.8127104,196.1970313
168.7819305,168.7819153,258.8061471,258.8061471,222.5797061,210.2233119,222.5797501,338.6319663,247.0486041,314.1422303,241.0101978,289.8127104,196.1970313
169.0375653,169.0375957,258.5270876,258.5270876,221.9740797,209.8565881,221.9741075,343.5707367,245.8886189,312.4596395,240.6574349,290.1827349,195.6081577
170.1551063,170.1551063,257.6729176,257.6729176,219.9436063,209.118387,219.9436448,342.7256799,244.5161513,314.2865401,233.6220068,294.1421322,193.5008212
169.1917004,169.1917156,257.3385862,257.3385862,220.3736452,209.4492932,220.3736894,345.1248299,243.471734,312.8885976,236.7796445,293.4672865,193.9002512
168.3971113,168.3971418,256.9734566,256.9734566,220.7282619,210.1733649,220.7282843,344.7482924,243.4826013,310.6576935,239.1144017,292.8585294,194.1075987
167.7902459,167.7902764,256.9177112,256.9177112,220.9088382,209.2614094,220.9088549,343.9017099,243.4981833,316.2583772,241.204274,291.8844193,194.5588191
164.6902467,164.6902315,256.4005019,256.4005019,222.5087481,208.7276122,222.5087642,336.0237304,250.3494422,311.9692221,249.7492107,287.8103256,196.5154872
163.6054261,163.6054413,257.7875754,257.7875754,224.8915789,208.6961879,224.8915788,337.9692336,245.7404405,311.5027008,259.914914,283.1928308,199.217714
162.4403548,162.4403397,258.4769631,258.4769631,226.4979244,208.5939047,226.4979752,344.4511108,243.8610585,318.2118998,266.579442,281.13797,201.0558803
162.1150785,162.1150633,257.8470207,257.8470207,226.1909791,209.3665314,226.1910007,344.3536221,243.5779052,314.8247978,262.4178776,283.1788594,200.5087973
162.1198179,162.1198179,257.6934631,257.6934631,226.1577036,209.9926308,226.1577182,348.1267887,243.6435069,326.2001119,259.4451863,284.8321637,200.3074586
162.5419639,162.541979,257.9065765,257.9065765,226.0500873,209.7880141,226.050113,338.3875545,244.5193017,322.8620145,259.0066192,284.7534596,200.2395941
165.9994724,165.9994876,259.1520219,259.1520219,224.8156972,209.1713833,224.8157138,342.9544994,245.9376443,315.1225357,249.0471418,287.1720607,199.0073583
170.2290629,170.2290934,258.5553163,258.5553163,220.7450276,208.379127,220.7450374,341.7335414,247.3721909,295.8054313,250.1856145,296.484939,194.6096057
169.8764769,169.8764769,257.7611507,257.7611507,220.0847114,208.3698122,220.0847388,342.5762332,247.6739473,299.7868889,242.4260174,298.4045036,193.8628164
169.8764769,169.8764769,257.7611507,257.7611507,220.0847114,208.3698122,220.0847388,342.5762332,247.6739473,299.7868889,242.4260174,298.4045036,193.8628164
169.525801,169.525801,257.6850948,257.6850948,220.2723729,208.3967756,220.2723911,343.7411084,246.4854252,302.8586369,240.0692391,297.81592,194.0685773
168.2812487,168.2812334,257.0302426,257.0302426,220.3701172,208.0098902,220.370129,343.3770809,245.8484675,305.8525459,240.5356405,296.8245969,194.2832019
166.7842976,166.7842823,256.4235644,256.4235644,220.8929676,208.4003841,220.8929981,346.155901,244.8949209,304.4651661,242.3463961,295.4204578,194.7717521
166.4290526,166.4290678,256.1700365,256.1700365,221.0195634,209.047293,221.0195553,348.6814534,243.3434877,304.6499723,243.074054,294.6636901,194.7420166
165.9584962,165.9584657,257.7320338,257.7320338,223.593002,210.8104642,223.5930624,351.7422681,243.3383242,307.2339043,249.2429059,291.9466122,197.1892011
165.9584962,165.9584657,257.7320338,257.7320338,223.593002,210.8104642,223.5930624,351.7422681,243.3383242,307.2339043,249.2429059,291.9466122,197.1892011
165.9657436,165.9657588,257.8558706,257.8558706,223.6648236,210.5319995,223.664834,354.6628973,244.4380923,307.6527895,249.5643524,291.6868633,197.3449392
166.050605,166.0505898,257.6928132,257.6928132,223.2608169,209.8820598,223.260829,345.5935528,244.4953774,309.3280108,249.5492873,291.9100746,197.0603487
165.2974152,165.2974305,257.0525689,257.0525689,222.8824081,209.0339307,222.8824517,345.9400086,244.4315052,305.5047741,249.802684,291.4639329,196.857262
165.1135531,165.1135531,256.6490203,256.6490203,222.5692658,209.1012304,222.5692145,342.5299434,244.6930995,306.4859866,249.7073303,292.1045529,196.4846954
165.7413718,165.7413718,256.593641,256.593641,222.0946728,209.3414814,222.094676,349.6596026,244.8687201,306.9172814,249.6980209,291.9012753,195.8828378
175.8942865,175.8942865,270.3702232,270.3702232,229.1050182,203.2523572,229.1050498,174.8298013,430.1866063,153.4586468,407.9049696,249.722927,205.3320299
180.5794771,180.5794771,276.937799,276.937799,232.6000203,200.1717337,232.6000162,280.8681959,280.8682084,280.8682216,280.8681811,277.5016912,209.9656823
184.591652,184.5916515,282.1720185,282.1720185,234.8039829,195.8156622,234.8039722,280.868199,280.8681814,280.8682111,280.8681922,232.9019817,213.4173481
184.591652,184.5916515,282.1720185,282.1720185,234.8039829,195.8156622,234.8039722,280.868199,280.8681814,280.8682111,280.8681922,232.9019817,213.4173481
185.3778366,185.3778072,283.1862257,283.1862257,235.5182341,196.3603468,235.5182677,280.8682274,280.8682175,280.8681833,280.8682169,226.1085201,214.078257
185.7754046,185.7754052,283.7072984,283.7072984,236.0785773,197.5425072,236.0786006,280.8681617,280.8682129,280.8681559,280.8682239,221.9002245,214.4232719
185.9896987,185.9896994,283.9740995,283.9740995,236.5720088,199.1702077,236.5720129,280.8681816,280.8682083,280.8681134,280.8681576,220.5108356,214.5905948
186.0932112,186.0932112,284.1105598,284.1105598,236.7330601,199.5434233,236.7330077,280.8681347,280.8681748,280.8681155,280.8681674,219.4882593,214.6814731
186.1474145,186.1474145,284.1813778,284.1813778,236.0531147,196.0907604,236.0531405,280.8682221,280.8681889,280.8681262,280.8682087,219.508379,214.7281741
186.1753907,186.1753757,284.2195877,284.2195877,236.3770998,197.5311221,236.3771302,280.8682105,280.8681763,280.8681679,280.8681777,219.2565383,214.7545211
186.188994,186.1889933,284.2323274,284.2323274,236.4409182,197.8142894,236.4408901,280.8681681,280.8681824,280.868146,280.8681742,219.5154854,214.7595816
186.1955619,186.1955321,284.2414034,284.2414034,236.1960501,196.613038,236.1960091,280.8681795,280.8681753,280.8682256,280.8681187,218.8999494,214.7659024
186.199667,186.1996663,284.2492762,284.2492762,236.3015705,197.0896355,236.3015373,280.8681507,280.8681984,280.8681637,280.8681445,219.0878098,214.7727858
186.2013669,186.2013378,284.2536921,284.2536921,236.4660274,197.8582779,236.4660647,280.8681268,280.8681385,280.8681129,280.8681611,218.7696168,214.777132
186.2025773,186.202578,284.2558086,284.2558086,236.7148107,199.0369046,236.7147855,280.8681334,280.8681827,280.868118,280.8681814,218.859667,214.778894
186.2032728,186.2032579,284.2572085,284.2572085,236.340508,197.2440618,236.3405042,280.8681636,280.8682263,280.8680755,280.868198,219.0757714,214.7801529
186.2020828,186.2020821,284.2559939,284.2559939,236.3256074,197.1753084,236.3256094,280.868099,280.8681942,280.8681526,280.8681591,218.7793893,214.7795794
186.2021211,186.2021375,284.2565066,284.2565066,236.5094791,198.052521,236.5094514,280.8680973,280.8682014,280.8681696,280.8681394,217.8030943,214.7802114
186.2025713,186.202572,284.2569717,284.2569717,236.2621611,196.8671141,236.262153,280.8681008,280.8682138,280.8681956,280.8681168,218.3044047,214.7804497
186.2010337,186.2010636,284.2561514,284.2561514,236.3741108,197.4029227,236.3740929,280.8680862,280.8681822,280.8682362,280.8681479,218.1809735,214.7806728
186.2019374,186.2019374,284.2568074,284.2568074,236.665396,198.7937816,236.6654141,280.8680498,280.8682248,280.8682141,280.8681438,218.0852311,214.7807537
186.202544,186.202529,284.2489536,284.2489536,236.5914487,198.4885938,236.5914387,280.8680879,280.8681443,280.8681935,280.868099,217.6570669,214.7698324
186.2024791,186.2025082,284.2509805,284.2509805,236.4310051,197.710575,236.4310165,280.8680925,280.8681736,280.868204,280.8681336,218.1790211,214.7725654
186.1987925,186.1987783,284.2490544,284.2490544,236.9654965,200.2508836,236.9655031,280.8680901,280.8681763,280.8681763,280.8682458,217.7692614,214.7732532
186.2002125,186.2002132,284.2514922,284.2514922,236.9230341,200.0411177,236.9229958,280.8680564,280.8681767,280.8681815,280.8682064,218.3965369,214.7752379
186.2017933,186.2018089,284.2487655,284.2487655,236.6873964,198.9440186,236.6874089,280.8680365,280.8681972,280.8681673,280.8682067,219.0863383,214.7702166
186.2017933,186.2018089,284.2487655,284.2487655,236.6873964,198.9440186,236.6874089,280.8680365,280.8681972,280.8681673,280.8682067,219.0863383,214.7702166
186.2015625,186.2015476,284.2521009,284.2521009,236.2665318,196.9125157,236.2665245,280.8680243,280.8682024,280.8681538,280.8681231,219.2361219,214.7748533
186.2024696,186.2024689,284.2541112,284.2541112,236.582856,198.4177289,236.5828299,280.8680468,280.8681971,280.8680932,280.868172,219.0304602,214.7767277
186.2027156,186.2027305,284.2479863,284.2479863,236.7579492,199.2871745,236.7579258,280.8680488,280.8682048,280.8681022,280.8681557,218.4901216,214.7684252
186.2021771,186.2021757,284.2506299,284.2506299,236.3790111,197.462635,236.3790287,280.8681081,280.8682511,280.868101,280.8681869,218.53322,214.7723489
186.2007769,186.2007784,284.2516796,284.2516796,236.1818118,196.5048671,236.1817634,280.8681185,280.8682723,280.8681092,280.8681982,218.4201912,214.7750187
186.2022308,186.2022308,284.2495034,284.2495034,236.342751,197.2954358,236.3427499,280.8681275,280.8682967,280.8681324,280.8682164,219.0732809,214.7708629
186.2011682,186.2011398,284.2488964,284.2488964,236.330381,197.2353851,236.3303479,280.8680803,280.8682929,280.8680996,280.8682391,218.909948,214.7710077
186.2025217,186.2025068,284.2507727,284.2507727,236.7439581,199.2039792,236.7439543,280.8680544,280.8682904,280.8680776,280.868234,219.0429543,214.7723084
186.203294,186.203294,284.24701,284.24701,236.565401,198.3783148,236.5653969,280.86802,280.8682889,280.8681516,280.8682308,219.1081222,214.7666302
186.2032039,186.2032054,284.2506323,284.2506323,236.7049803,199.0220886,236.704956,280.8680702,280.8682879,280.8680647,280.8682287,218.3726562,214.7715071
186.2002818,186.2002669,284.2422345,284.2422345,236.2735522,196.9981268,236.273516,280.8680805,280.8682872,280.8680617,280.8682274,218.0713862,214.7629331
186.1989981,186.1989974,284.248049,284.248049,236.8723654,199.8161679,236.872367,280.8681455,280.8682868,280.8681666,280.8682266,218.735011,214.7717368
186.1983737,186.1983894,284.2485746,284.2485746,236.6079565,198.5537388,236.6079171,280.8681534,280.8682866,280.8681207,280.8682261,218.2203511,214.7729471
186.2002513,186.2002663,284.2505127,284.2505127,236.2250938,196.7177599,236.2250904,280.8682301,280.8682864,280.8681262,280.8682257,218.3447372,214.7738925
186.2017368,186.2017226,284.2535804,284.2535804,236.4085984,197.5853732,236.4085998,280.868161,280.8682863,280.868175,280.8682255,218.7257384,214.7766999
186.2028473,186.2028473,284.2554345,284.2554345,236.8084161,199.4849694,236.8083578,280.8681432,280.8682862,280.8681279,280.8682253,218.3650317,214.7781391
186.2034231,186.2034223,284.2508004,284.2508004,236.4123285,197.6257633,236.4123021,280.8681461,280.8682862,280.8681449,280.8682253,217.9327269,214.7715005
186.2026346,186.2026495,284.2523649,284.2523649,236.8347659,199.6267616,236.8347428,280.8681491,280.8682862,280.8681546,280.8682252,218.6295447,214.7742769
186.1986407,186.1986706,284.2524478,284.2524478,236.5815702,198.4067193,236.5815558,280.8680813,280.8682862,280.868162,280.8682252,219.0257015,214.7778606
186.200239,186.2002367,284.2504468,284.2504468,236.3709326,197.4174774,236.3709378,280.8681233,280.8682861,280.8681518,280.8682251,218.5494018,214.7738286
186.1978438,186.1978438,284.2470077,284.2470077,236.091985,196.0885649,236.0919773,280.868127,280.8682861,280.8681469,280.8682251,218.4230703,214.771372
186.2008053,186.2007754,284.2518323,284.2518323,236.5803941,198.4124441,236.580314,280.8681308,280.8682861,280.8681491,280.8682251,218.5685402,214.7752071
186.2019954,186.2019662,284.254854,284.254854,236.5421628,198.2174578,236.5421774,280.8681178,280.8682861,280.8681328,280.8682251,218.1674087,214.7781606
186.2023664,186.2023679,284.255761,284.255761,236.9434139,200.1213493,236.9433949,280.8681652,280.8682861,280.8680788,280.8682251,217.8775606,214.7790449
186.2011729,186.2011587,284.2480247,284.2480247,236.9489935,200.1872915,236.9489505,280.8681699,280.8682861,280.8680931,280.8682251,218.3788486,214.7698242
186.1972026,186.1972018,284.2313861,284.2313861,236.7286655,199.2223185,236.7286876,280.8681839,280.8682861,280.8680711,280.8682251,218.6176558,214.7512125
186.1997837,186.1997837,284.2424518,284.2424518,236.6382476,198.7384464,236.6382615,280.8681993,280.8682861,280.8680937,280.8682251,219.3358006,214.7636402
186.1960918,186.1960918,284.2393293,284.2393293,236.586064,198.4937761,236.586081,280.8681799,280.8682861,280.8681222,280.8682251,219.466172,214.7627177
186.1980115,186.1980115,284.2489908,284.2489908,236.5583401,198.3132071,236.5582848,280.8681696,280.8682861,280.868109,280.8682251,218.9914451,214.7738419
186.1980115,186.1980115,284.2489908,284.2489908,236.5583401,198.3132071,236.5582848,280.8681696,280.8682861,280.868109,280.8682251,218.9914451,214.7738419
186.2000406,186.2000399,284.2532074,284.2532074,236.555893,198.2852654,236.5559082,280.8680801,280.8682861,280.8681488,280.8682251,219.0648837,214.7776347
186.198842,186.1988427,284.2467887,284.2467887,236.5457717,198.2689514,236.5457433,280.8680629,280.8682861,280.8681736,280.8682251,219.3689243,214.7702141
186.1994435,186.1994428,284.2496728,284.2496728,236.5473276,198.2621884,236.5473044,280.8680548,280.8682861,280.8681502,280.8682251,218.9075429,214.773506
186.1987751,186.1987893,284.2509546,284.2509546,236.5484464,198.2576803,236.5483843,280.868054,280.8682861,280.8681066,280.8682251,218.1025159,214.7757571
186.2008365,186.200853,284.2482629,284.2482629,236.5436746,198.258033,236.5436303,280.8680286,280.8682861,280.8680711,280.8682251,218.3201728,214.7704446
186.199281,186.1992802,284.2507984,284.2507984,236.5473,198.2549558,236.5472492,280.8679914,280.8682861,280.8680192,280.8682251,218.9132798,214.7751291
186.199281,186.1992802,284.2507984,284.2507984,236.5473,198.2549558,236.5472492,280.8679914,280.8682861,280.8680192,280.8682251,218.9132798,214.7751291
186.2002707,186.2002715,284.2513066,284.2513066,236.5473019,198.2557185,236.5472493,280.867978,280.8682861,280.8680005,280.8682251,218.6021812,214.77494
186.2016503,186.2016653,284.2408633,284.2408633,236.5339665,198.2570781,236.5339063,280.867967,280.8682861,280.8679852,280.8682251,218.5000149,214.759949
186.2018368,186.2018668,284.2481434,284.2481434,236.5425814,198.257291,236.542519,280.8679582,280.8682861,280.8679729,280.8682251,218.2425141,214.7693865
186.2023856,186.2023856,284.2528467,284.2528467,236.5479537,198.257869,236.5478785,280.8679815,280.8682861,280.8679934,280.8682251,218.8421387,214.7751641
186.2028319,186.2028319,284.2555649,284.2555649,236.5509088,198.2582924,236.5508886,280.8679757,280.8682861,280.8679853,280.8682251,219.0993886,214.7783513
186.2034425,186.2034126,284.250548,284.250548,236.5445944,198.2588949,236.5445526,280.8679404,280.8682861,280.8679483,280.8682251,219.6868602,214.7712312
186.2015288,186.2015445,284.2491371,284.2491371,236.5439174,198.2569399,236.5439056,280.8679335,280.8682861,280.8679386,280.8682251,219.7424143,214.7709676
186.2015288,186.2015445,284.2491371,284.2491371,236.5439174,198.2569399,236.5439056,280.8679335,280.8682861,280.8679386,280.8682251,219.7424143,214.7709676
186.2024664,186.2024664,284.2534401,284.2534401,236.5485624,198.2579199,236.5485473,280.867931,280.8682861,280.8679352,280.8682251,218.7695073,214.7758701
186.2030007,186.203032,284.2557698,284.2557698,236.5510872,198.2584993,236.5510388,280.86799,280.8682861,280.8679323,280.8682251,219.5085948,214.7784842
186.2029323,186.2029622,284.2564514,284.2564514,236.5519381,198.2583694,236.5519069,280.8679883,280.8682861,280.86793,280.8682251,219.1798574,214.7794608
186.203025,186.2030549,284.2568286,284.2568286,236.5523412,198.2584792,236.5522911,280.8679869,280.8682861,280.8679281,280.8682251,219.1757914,214.7798693
186.2035176,186.2035184,284.2576332,284.2576332,236.5530388,198.258959,236.5529947,280.8679553,280.8682861,280.8679266,280.8682251,219.251494,214.7805153
186.2003171,186.2003179,284.2556195,284.2556195,236.552392,198.2555456,236.5523795,280.8679239,280.8682861,280.8679254,280.8682251,218.863122,214.7806223
186.2000474,186.2000474,284.2493762,284.2493762,236.5450743,198.2553236,236.5450469,280.8679232,280.8682861,280.8679244,280.8682251,219.9220424,214.7726062
186.2017096,186.2016954,284.2545041,284.2545041,236.5502961,198.2570572,236.5502582,280.8679221,280.8682861,280.8679229,280.8682251,219.2352771,214.7779665
186.2017096,186.2016954,284.2545041,284.2545041,236.5502961,198.2570572,236.5502582,280.8679221,280.8682861,280.8679229,280.8682251,219.2352771,214.7779665
186.2025958,186.2025659,284.2562008,284.2562008,236.5518667,198.2580082,236.551801,280.8679217,280.8682861,280.8679224,280.8682251,218.7258299,214.7794473
186.2012767,186.2012775,284.2556943,284.2556943,236.5519709,198.2566131,236.5519326,280.8679214,280.8682861,280.8679219,280.8682251,218.6300205,214.7798836
186.2019804,186.2019804,284.2558994,284.2558994,236.5517949,198.2573743,236.5517598,280.8679212,280.8682861,280.8679216,280.8682251,218.5225881,214.779531
186.202557,186.2025585,284.2566513,284.2566513,236.5524375,198.2579771,236.5523756,280.8679209,280.8682861,280.8679213,280.8682251,218.1135032,214.7800698
186.2009829,186.200968,284.2559749,284.2559749,236.5524838,198.2562949,236.5524467,280.8679206,280.8682861,280.8679208,280.8682251,219.2931313,214.7805373
186.2009829,186.200968,284.2559749,284.2559749,236.5524838,198.2562949,236.5524467,280.8679206,280.8682861,280.8679208,280.8682251,219.2931313,214.7805373
186.2021386,186.2021378,284.2557141,284.2557141,236.5514958,198.2576323,236.5515037,280.8679205,280.8682861,280.8679207,280.8682251,217.9548738,214.7791657
186.2030744,186.2030767,284.2572658,284.2572658,236.5528461,198.2585977,236.5528348,280.8679204,280.8682861,280.8679206,280.8682251,218.6225334,214.7804044
186.2025573,186.2025423,284.256703,284.256703,236.5524783,198.2580083,236.5524265,280.8679203,280.8682861,280.8679205,280.8682251,218.4550989,214.7801278
186.200164,186.200164,284.2550299,284.2550299,236.5518176,198.2554276,236.5517744,280.8679203,280.8682861,280.8679204,280.8682251,218.7520281,214.7799997
186.2017587,186.2017594,284.2561939,284.2561939,236.5522979,198.257102,236.5522593,280.8679202,280.8682861,280.8679203,280.8682251,218.3262076,214.7801455
186.1997211,186.1997211,284.2549413,284.2549413,236.5519683,198.2549572,236.5518872,280.8679202,280.8682861,280.8679202,280.8682251,218.4062917,214.7802544
186.199455,186.19944,284.2551262,284.2551262,236.5523542,198.2546845,236.552307,280.8679202,280.8682861,280.8679202,280.8682251,218.4014397,214.7807603
186.2011605,186.2011597,284.2564434,284.2564434,236.5529254,198.2564732,236.5528924,280.8679201,280.8682861,280.8679202,280.8682251,218.8546564,214.7809705
186.2006789,186.2006938,284.2562516,284.2562516,236.5529566,198.2560308,236.5529286,280.8679201,280.8682861,280.8679201,280.8682251,218.3428991,214.7811244
186.1994571,186.1994571,284.2550833,284.2550833,236.5523171,198.2547092,236.5522494,280.8679201,280.8682861,280.8679201,280.8682251,218.5005285,214.7806882
186.2014112,186.2014096,284.2565712,284.2565712,236.5529767,198.2568603,236.5529413,280.8679201,280.8682861,140.4340536,460.7123333,218.8158521,214.7809656
186.1963122,186.1963114,284.2533735,284.2533735,236.5519903,198.2513138,236.5519337,280.86792,280.8682861,217.1330459,401.9261453,219.2799986,214.7811324
186.1998284,186.1998442,284.2555324,284.2555324,236.5525939,198.2550597,236.552547,280.86792,280.8682861,259.3713107,370.8120019,218.7588923,214.7809374
186.2019911,186.2019918,284.2561349,284.2561349,236.5521077,198.2573573,236.5520659,280.86792,280.8682861,297.5755274,338.8835781,218.834798,214.779875
186.2019911,186.2019918,284.2561349,284.2561349,236.5521077,198.2573573,236.5520659,280.86792,280.8682861,297.5755274,338.8835781,218.834798,214.779875
186.1975909,186.1975902,284.2536241,284.2536241,236.55155,198.2527366,236.5515121,280.86792,280.8682861,304.6474973,334.2316018,218.457676,214.7803296
186.2013331,186.2013182,284.2555217,284.2555217,236.5517395,198.2566518,236.551685,280.86792,280.8682861,310.6786924,327.8871548,218.8603107,214.779626
186.2013331,186.2013182,284.2555217,284.2555217,236.5517395,198.2566518,236.551685,280.86792,280.8682861,310.6786924,327.8871548,218.8603107,214.779626
186.2024306,186.2024164,284.2569958,284.2569958,236.5528958,198.2578382,236.5527954,280.86792,280.8682861,311.227963,326.9423139,219.1899633,214.7806339
186.2028718,186.2028718,284.2572519,284.2572519,236.5529219,198.2582685,236.5528679,280.86792,280.8682861,311.3986223,326.5779409,219.202201,214.7805558
186.2024366,186.2024657,284.2573389,284.2573389,236.5532591,198.2578117,236.5532244,280.86792,280.8682861,311.4654715,326.0857364,219.2192375,214.7810421
186.2029893,186.2030193,284.2572896,284.2572896,236.5529337,198.2584662,236.5528631,280.86792,280.8682861,311.6676182,327.726842,218.9172311,214.7805137
186.203189,186.203174,284.249565,284.249565,236.5435314,198.2586627,236.5435032,280.86792,280.8682861,311.733614,330.5385653,219.300037,214.7701358
186.2029175,186.2029309,284.2491796,284.2491796,236.5432309,198.2583874,236.5431867,280.86792,280.8682861,311.9306907,328.6074595,219.0537763,214.7698299
186.2032932,186.2032932,284.2521956,284.2521956,236.5466508,198.2587674,236.5465933,280.86792,280.8682861,312.3468421,327.8702764,219.3353774,214.7735312
186.2022784,186.2022776,284.2556431,284.2556431,236.5513373,198.2577223,236.5513223,280.86792,280.8682861,312.5738337,327.6429088,218.9649524,214.7789573
186.2022784,186.2022776,284.2556431,284.2556431,236.5513373,198.2577223,236.5513223,280.86792,280.8682861,312.5738337,327.6429088,218.9649524,214.7789573
186.2023517,186.2023824,284.2511938,284.2511938,236.5459218,198.2577421,236.5458873,280.86792,280.8682861,312.2880594,328.5098865,219.7577984,214.7729772
186.1952344,186.1952329,284.2483971,284.2483971,236.5466398,198.2501397,236.5465637,280.86792,280.8682861,312.5060105,327.5891081,219.1875666,214.7754705
186.1952344,186.1952329,284.2483971,284.2483971,236.5466398,198.2501397,236.5465637,280.86792,280.8682861,312.5060105,327.5891081,219.1875666,214.7754705
186.1992502,186.1992502,284.2479152,284.2479152,236.5437582,198.2544338,236.5437281,280.86792,280.8682861,312.3798837,331.1698384,219.4892389,214.7713609
186.199525,186.1995258,284.2511525,284.2511525,236.5475327,198.2547401,236.5474756,280.86792,280.8682861,313.1781476,331.3523203,219.1485729,214.7754317
186.1997774,186.1997782,284.2500034,284.2500034,236.5459824,198.2550177,236.5459185,280.86792,280.8682861,313.0543187,329.0918327,218.8799531,214.7736568
186.200823,186.2007931,284.2521583,284.2521583,236.5479891,198.2560671,236.547936,280.86792,280.8682861,312.758214,327.1235926,218.3084037,214.7756311
186.200735,186.2007641,284.2537896,284.2537896,236.5499578,198.2559826,236.5498774,280.86792,280.8682861,312.4651927,325.583773,218.4923237,214.7778035
186.2020032,186.2020331,284.2557141,284.2557141,236.5515765,198.2573893,236.5515146,280.86792,280.8682861,311.4874585,325.9556837,217.9883112,214.7792718
186.2025189,186.2024891,284.2567338,284.2567338,236.5525335,198.2579266,236.5524849,280.86792,280.8682861,311.8907142,325.8091481,218.0234258,214.7802095
186.2025209,186.2025209,284.2571818,284.2571818,236.5530534,198.2578524,236.55301,280.86792,280.8682861,311.6925937,325.9045421,218.2418368,214.7808014
186.2011133,186.2011133,284.256188,284.256188,236.5526555,198.2564247,236.5525886,280.86792,280.8682861,312.3736175,326.012059,218.5513138,214.7806804
186.2025768,186.202547,284.2572985,284.2572985,236.553141,198.2580378,236.553147,280.86792,280.8682861,312.7496867,325.8085442,218.6492845,214.7808826
186.2002865,186.2002715,284.2560893,284.2560893,236.5530214,198.2555626,236.552949,280.86792,280.8682861,312.2118742,327.5077555,218.8679374,214.7812789
186.2002865,186.2002715,284.2560893,284.2560893,236.5530214,198.2555626,236.552949,280.86792,280.8682861,312.2118742,327.5077555,218.8679374,214.7812789
186.200729,186.200729,284.2473517,284.2473517,236.5422701,198.2559944,236.5421974,280.86792,280.8682861,312.4801689,327.9169644,218.5821794,214.7693379
186.2028519,186.2028804,284.2545513,284.2545513,236.5437571,198.2299857,236.5437206,280.86792,280.8682861,313.8649615,328.376296,218.9814921,214.7769973
186.2028519,186.2028804,284.2545513,284.2545513,236.5437571,198.2299857,236.5437206,280.86792,280.8682861,313.8649615,328.376296,218.9814921,214.7769973
186.1996813,186.1997112,284.2540286,284.2540286,236.5493589,198.2476877,236.5493013,280.86792,280.8682861,313.8527492,328.6919157,218.3965493,214.7790702
186.2006935,186.2006636,284.255191,284.255191,236.1469754,196.3164332,236.1469225,280.86792,280.8682861,313.5080186,327.8790039,218.6390573,214.7797763
186.200943,186.200943,284.2556616,284.2556616,236.5636854,198.3114292,236.5636339,280.86792,280.8682861,313.3697981,328.2402058,218.3957854,214.7801419
186.1973199,186.1973184,284.2445778,284.2445778,236.4481347,197.8093057,236.4480613,280.86792,280.8682861,313.0167747,327.6206521,218.4525739,214.76862
186.2006788,186.2006646,284.2476761,284.2476761,236.3265616,197.2225245,236.326546,280.86792,280.8682861,312.2806542,328.0098457,218.2326767,214.7697817
186.1987518,186.1987541,284.2462412,284.2462412,235.716012,194.2787996,235.715981,280.86792,280.8682861,312.5080394,330.2350961,218.5530134,214.7695696
186.198259,186.198259,284.2468027,284.2468027,236.1312035,196.279962,236.1311715,280.86792,280.8682861,312.7584051,332.5640006,218.6323738,214.7707653
186.1936393,186.1936393,284.2472636,284.2472636,236.0150694,195.7002023,236.0150042,280.86792,280.8682861,312.717887,330.9552503,218.0697592,214.7753601
186.1910855,186.1910855,284.2448627,284.2448627,236.3753197,197.4358027,236.3752372,280.86792,280.8682861,312.0657284,329.2678076,218.0661703,214.7744124
186.1967076,186.1967076,284.2496749,284.2496749,236.7695607,199.3100691,236.7695079,280.86792,280.8682861,312.3926819,330.3123065,218.1603445,214.7758979
186.2002486,186.2002494,284.248792,284.248792,236.5602067,198.3317775,236.5601748,280.86792,280.8682861,313.1259934,329.2238551,217.7792124,214.7716241
186.1943416,186.1943259,284.2399141,284.2399141,237.2325549,201.5466521,237.2325477,280.86792,280.8682861,312.7278363,328.3782496,218.0974895,214.7650351
186.1950912,186.1950912,284.2400596,284.2400596,236.9645646,200.2835245,236.9645259,280.86792,280.8682861,312.9404965,327.4964949,218.0231738,214.7645764
186.1927203,186.1927481,284.2423988,284.2423988,236.7102603,199.0548998,236.7102239,280.86792,280.8682861,312.6149613,327.8891097,218.290028,214.7696886
186.1951574,186.195158,284.2419454,284.2419454,236.7235736,199.1297662,236.7235148,280.86792,280.8682861,312.8791193,324.9811753,218.9667999,214.7670143
186.1970261,186.1970255,284.2499088,284.2499088,236.3520057,197.3177917,236.3520084,280.86792,280.8682861,311.7769947,321.8819358,218.8008533,214.7759148
186.1970261,186.1970255,284.2499088,284.2499088,236.3520057,197.3177917,236.3520084,280.86792,280.8682861,311.7769947,321.8819358,218.8008533,214.7759148
186.1979614,186.1979464,284.2524358,284.2524358,236.4122348,197.5951872,236.4122164,280.86792,280.8682861,312.2621097,321.4774465,218.4621001,214.7784347
186.1998016,186.1997855,284.2546381,284.2546381,236.5205242,198.1070129,236.5204922,280.86792,280.8682861,312.188325,323.0225283,219.2734117,214.7797649
186.1972801,186.1972951,284.253374,284.253374,235.9542956,195.3853587,235.9542664,280.86792,280.8682861,312.6629429,322.0312104,219.2643885,214.7802671
186.2005054,186.200506,284.2559429,284.2559429,236.2304259,196.7125263,236.2303533,280.86792,280.8682861,312.473315,321.452581,219.7414528,214.7809174
186.1970064,186.1970059,284.2539418,284.2539418,236.1431586,196.2915432,236.1431127,280.86792,280.8682861,311.9866119,327.89172,220.1085478,214.781256
186.1970064,186.1970059,284.2539418,284.2539418,236.1431586,196.2915432,236.1431127,280.86792,280.8682861,311.9866119,327.89172,220.1085478,214.781256
186.1995289,186.1995456,284.2512463,284.2512463,236.0778739,196.0024273,236.0778376,280.86792,280.8682861,312.142453,332.8775022,219.9243705,214.7755309
186.1987808,186.1987803,284.2496359,284.2496359,236.3074093,197.1122885,236.3074191,280.86792,280.8682861,312.7652331,332.1768953,219.3163351,214.774022
186.1981207,186.1981207,284.2509504,284.2509504,236.2767561,196.9551351,236.2767341,280.86792,280.8682861,313.7852336,332.6731358,220.4046543,214.7763232
186.2008732,186.2008737,284.2545868,284.2545868,236.4292616,197.6752425,236.4292446,280.86792,280.8682861,313.6985881,331.8724291,219.6081705,214.7787761
186.2006885,186.2006885,284.2507051,284.2507051,236.1751515,196.4782204,236.1751337,280.86792,280.8682861,312.7427177,328.6438886,219.8344234,214.7737768
186.2006885,186.2006885,284.2507051,284.2507051,236.1751515,196.4782204,236.1751337,280.86792,280.8682861,312.7427177,328.6438886,219.8344234,214.7737768
186.2019394,186.2019394,284.2507709,284.2507709,236.5534207,198.2943084,236.553376,280.86792,280.8682861,312.8575344,329.1477605,220.702443,214.7727918
186.2027874,186.2028025,284.2531911,284.2531911,236.3953022,197.5278656,236.3952269,280.86792,280.8682861,312.4295843,331.1755948,220.6031793,214.7752467
186.2027422,186.2027418,284.255514,284.255514,236.4056617,197.5637863,236.4056157,280.86792,280.8682861,312.9301252,330.9669375,220.7570843,214.7784056
186.2015587,186.201544,284.2506072,284.2506072,236.7279073,199.124922,236.7278765,280.86792,280.8682861,313.1353857,329.0569604,220.6939137,214.7729292
186.1988541,186.1988548,284.2498801,284.2498801,236.5034556,198.0495347,236.5034291,280.86792,280.8682861,313.0572571,331.5802641,220.4526953,214.7742683
186.1956965,186.1956968,284.2453537,284.2453537,237.0963603,200.8789556,237.0963064,280.86792,280.8682861,313.4610741,331.1088714,219.9692631,214.7710003
186.1950942,186.1950939,284.2433879,284.2433879,237.085236,200.8353308,237.0852519,280.86792,280.8682861,313.3261995,329.5862895,220.0579921,214.7689581
186.1946893,186.1947044,284.2437632,284.2437632,236.9783679,200.3268292,236.9784164,280.86792,280.8682861,312.9520384,329.8521954,219.2105793,214.7697575
186.1972528,186.1972532,284.2450954,284.2450954,236.5663899,198.3712916,236.566385,280.86792,280.8682861,312.2973342,326.7469596,218.7272504,214.7693259
186.1975142,186.197499,284.2463153,284.2463153,236.8810014,199.8614997,236.8810297,280.86792,280.8682861,312.1470758,325.6352302,219.0973541,214.7707167
186.1974268,186.197427,284.2484769,284.2484769,236.8260248,199.588116,236.8260188,280.86792,280.8682861,311.7769113,323.222566,218.9318851,214.7736558
186.1981904,186.1982054,284.2502777,284.2502777,237.1199638,200.9721163,237.1199889,280.86792,280.8682861,312.465009,322.3192186,218.7884774,214.7753139
186.1986906,186.1986604,284.2505098,284.2505098,236.7915519,199.4176255,236.791599,280.86792,280.8682861,312.1612236,326.4945943,218.3237629,214.7752378
186.1993447,186.1993296,284.249652,284.249652,236.8244005,199.5807074,236.824368,280.86792,280.8682861,310.4218706,306.5475276,217.6394972,214.7735418
186.1977708,186.1977558,284.2503189,284.2503189,236.8321345,199.6081306,236.8321491,280.86792,280.8682861,310.3486238,313.1783518,217.4626219,214.7757541
186.20087,186.200855,284.2542548,284.2542548,236.4001429,197.5381554,236.4002009,280.86792,280.8682861,311.8864766,320.5506254,217.0656995,214.7782823
186.20087,186.200855,284.2542548,284.2542548,236.4001429,197.5381554,236.4002009,280.86792,280.8682861,311.8864766,320.5506254,217.0656995,214.7782823
186.2012871,186.201272,284.2550135,284.2550135,236.3119594,197.1129272,236.312019,280.86792,280.8682861,311.787787,323.5921319,217.384508,214.7789086
186.1996373,186.1996223,284.2550095,284.2550095,236.4924014,197.9703257,236.4923977,280.86792,280.8682861,312.5040967,325.9762219,217.5106112,214.7803347
186.1996373,186.1996223,284.2550095,284.2550095,236.4924014,197.9703257,236.4923977,280.86792,280.8682861,312.5040967,325.9762219,217.5106112,214.7803347
186.2016624,186.2016925,284.2567277,284.2567277,236.3576548,197.323252,236.357643,280.86792,280.8682861,311.6856121,326.0405163,217.4096837,214.7808691
186.2027898,186.2027898,284.2571796,284.2571796,236.4193119,197.6203142,236.4193452,280.86792,280.8682861,311.1522599,324.9592839,217.4028897,214.7804735
186.2031908,186.2031908,284.2576791,284.2576791,236.4172771,197.6092809,236.4173306,280.86792,280.8682861,310.0351014,324.8764729,217.4576913,214.7807823
186.2020919,186.202077,284.2566332,284.2566332,236.3094776,197.0944704,236.309478,280.86792,280.8682861,309.2504683,325.6716573,218.9137936,214.7803802
186.2020919,186.202077,284.2566332,284.2566332,236.3094776,197.0944704,236.309478,280.86792,280.8682861,309.2504683,325.6716573,218.9137936,214.7803802
186.1994472,186.1994475,284.2546188,284.2546188,236.795131,199.4139251,236.7951373,280.86792,280.8682861,310.8310663,325.063409,219.0996518,214.7800354
186.1975814,186.1975812,284.253631,284.253631,236.884993,199.8392817,236.8850166,280.86792,280.8682861,311.6887864,323.7400113,218.4928622,214.7802998
186.1945517,186.1945665,284.2521503,284.2521503,236.5602,198.2912873,236.5601889,280.86792,280.8682861,311.5251333,325.383557,218.1740456,214.7809452
186.1945517,186.1945665,284.2521503,284.2521503,236.5602,198.2912873,236.5601889,280.86792,280.8682861,311.5251333,325.383557,218.1740456,214.7809452
186.1917587,186.1917585,284.2480872,284.2480872,236.0633308,195.9214039,236.0633394,280.86792,280.8682861,309.8199271,326.9592386,218.4288969,214.7780078
186.1998073,186.1998224,284.2543136,284.2543136,236.5321306,198.1646186,236.5321174,280.86792,280.8682861,311.7949856,326.7045358,219.074359,214.7793009
186.1998073,186.1998224,284.2543136,284.2543136,236.5321306,198.1646186,236.5321174,280.86792,280.8682861,311.7949856,326.7045358,219.074359,214.7793009
186.2010488,186.2010488,284.2561414,284.2561414,236.4872077,197.9442019,236.4872365,280.86792,280.8682861,312.042511,322.8654923,218.3090739,214.7806543
186.2010488,186.2010488,284.2561414,284.2561414,236.4872077,197.9442019,236.4872365,280.86792,280.8682861,312.042511,322.8654923,218.3090739,214.7806543
186.2015294,186.2015148,284.2552259,284.2552259,236.4374625,197.7134083,236.4374427,280.86792,280.8682861,311.0131483,324.0960952,218.7175938,214.7790198
186.2009247,186.2009247,284.2517786,284.2517786,236.7226625,199.0911921,236.7226611,280.86792,280.8682861,311.2052961,325.1118267,219.4999175,214.7749672
186.2022176,186.2022176,284.254008,284.254008,236.7139276,199.0419741,236.7139865,280.86792,280.8682861,311.4226758,323.7456529,219.1586346,214.7767925
186.2018452,186.2018454,284.2526668,284.2526668,236.1738085,196.4649727,236.1738318,280.86792,280.8682861,311.4266261,325.9335405,219.4997239,214.7753523
186.201457,186.201457,284.2502166,284.2502166,236.6228018,198.6267861,236.6227881,280.86792,280.8682861,313.2905449,324.3497791,219.5460622,214.7724309
186.201457,186.201457,284.2502166,284.2502166,236.6228018,198.6267861,236.6227881,280.86792,280.8682861,313.2905449,324.3497791,219.5460622,214.7724309
186.2004192,186.2004197,284.2481951,284.2481951,236.0074952,195.6844991,236.0074975,280.86792,280.8682861,311.1053568,327.3131877,220.1301362,214.7706365
186.2021466,186.2021468,284.2532599,284.2532599,236.5993815,198.5003092,236.5993946,280.86792,280.8682861,312.4761108,326.1721439,219.8258803,214.7758767
186.2004704,186.2004704,284.252079,284.252079,236.1871574,196.527404,236.1871783,280.86792,280.8682861,312.3102165,326.9215545,219.9240605,214.7757508
186.2021606,186.2021603,284.2553751,284.2553751,236.4576921,197.8116565,236.457689,280.86792,280.8682861,312.3945766,326.9830756,219.903169,214.7786687
186.2022471,186.2022469,284.2566621,284.2566621,236.6451339,198.699287,236.6451354,280.86792,280.8682861,313.6538046,327.4309135,219.9642066,214.7802785
186.2022471,186.2022469,284.2566621,284.2566621,236.6451339,198.699287,236.6451354,280.86792,280.8682861,313.6538046,327.4309135,219.9642066,214.7802785
186.2020586,186.2020436,284.2559166,284.2559166,236.2712435,196.9147708,236.2711966,280.86792,280.8682861,314.5644199,326.4935466,220.2982831,214.7794979
186.203014,186.2030137,284.2573816,284.2573816,236.4250046,197.6470725,236.4249927,280.86792,280.8682861,315.1190448,326.514736,219.849646,214.7805594
186.2005981,186.2005971,284.255868,284.255868,236.5306128,198.1514479,236.5306189,280.86792,280.8682861,314.4585385,325.6061399,219.1998648,214.7806629
186.2014658,186.201451,284.2530963,284.2530963,236.8984474,199.9204052,236.8984627,280.86792,280.8682861,311.6272817,304.3894586,218.4149314,214.7762461
186.2026549,186.2026702,284.2557869,284.2557869,236.3746085,197.4135903,236.3745975,280.86792,280.8682861,311.293493,312.687266,218.9590645,214.7787735
186.2010268,186.2010427,284.2552493,284.2552493,236.2078269,196.6104327,236.2078597,280.86792,280.8682861,312.1028842,320.8835478,219.070624,214.7795056
186.2006922,186.2007075,284.2463484,284.2463484,236.5904343,198.4917478,236.5904264,280.86792,280.8682861,312.4525096,326.3055066,219.7586609,214.7679725
186.2011968,186.2012122,284.2523862,284.2523862,236.0774751,196.0003491,236.0774555,280.86792,280.8682861,311.8425997,327.5677904,219.5880021,214.7755466
186.2011968,186.2012122,284.2523862,284.2523862,236.0774751,196.0003491,236.0774555,280.86792,280.8682861,311.8425997,327.5677904,219.5880021,214.7755466
186.2003236,186.2003232,284.2534602,284.2534602,236.231414,196.7312813,236.2313897,280.86792,280.8682861,312.3710644,327.7335443,219.1879137,214.7777362
186.1997417,186.1997117,284.2536956,284.2536956,236.3300935,197.2012703,236.3300981,280.86792,280.8682861,312.1926423,329.2608562,218.8167473,214.7785579
186.2018275,186.2018125,284.2561758,284.2561758,236.5876479,198.4263787,236.5876629,280.86792,280.8682861,311.8584999,329.5102379,219.0491056,214.7800311
186.201952,186.201952,284.2567647,284.2567647,236.4463632,197.7489074,236.4464028,280.86792,280.8682861,313.5602861,329.832181,218.9462141,214.7806659
186.2012447,186.2012598,284.2549279,284.2549279,237.2465172,201.5534715,237.2465463,280.86792,280.8682861,313.2365225,326.8344006,218.8826719,214.7788778
186.2019666,186.2019813,284.2558094,284.2558094,236.8021536,199.4500832,236.8021601,280.86792,280.8682861,312.079925,327.8006343,219.5498304,214.7793695
186.1983408,186.1983558,284.2424143,284.2424143,237.0179968,200.5353349,237.0179972,280.86792,280.8682861,311.6807534,326.4877147,218.6781663,214.7648151
186.1983408,186.1983558,284.2424143,284.2424143,237.0179968,200.5353349,237.0179972,280.86792,280.8682861,311.6807534,326.4877147,218.6781663,214.7648151
186.1935939,186.1935642,284.2420182,284.2420182,236.1564005,196.4114016,236.1563811,280.86792,280.8682861,312.0455692,327.6044627,218.9452791,214.7684363
186.1978355,186.1978355,284.250355,284.250355,236.4544993,197.8090748,236.4545084,280.86792,280.8682861,313.5488625,325.3487176,219.5481053,214.7757548
186.1978355,186.1978355,284.250355,284.250355,236.4544993,197.8090748,236.4545084,280.86792,280.8682861,313.5488625,325.3487176,219.5481053,214.7757548
186.2004072,186.2004068,284.2540497,284.2540497,236.5177261,198.0995258,236.5177258,280.86792,280.8682861,312.3121496,326.6531487,219.5941893,214.7784567
186.1991053,186.1991203,284.2541721,284.2541721,236.5569992,198.2814169,236.5569726,280.86792,280.8682861,312.8363759,326.936465,219.7388091,214.7797039
186.1997446,186.1997146,284.2546278,284.2546278,236.2726838,196.9203771,236.2726554,280.86792,280.8682861,314.4426797,325.953874,219.9479265,214.7798074
186.2018107,186.2017957,284.256599,284.256599,236.5755799,198.3661755,236.57556,280.86792,280.8682861,314.0628706,326.4164693,220.2601561,214.780607
186.2022382,186.2022386,284.2569631,284.2569631,236.9344113,200.0716338,236.9344022,280.86792,280.8682861,313.0806961,327.2084453,219.7820639,214.7806985
186.2009168,186.2009164,284.2554281,284.2554281,236.8925384,199.8770293,236.89254,280.86792,280.8682861,313.8924271,326.584087,219.2855747,214.7798138
186.2024414,186.2024564,284.2493903,284.2493903,236.6047377,198.5491791,236.6047282,280.86792,280.8682861,312.6731427,326.1448024,219.0424714,214.7704717
186.2021426,186.2021722,284.2512086,284.2512086,236.1464994,196.3433274,236.1465109,280.86792,280.8682861,312.7983082,326.5084557,219.5205743,214.7731423
186.2010358,186.2010508,284.2516676,284.2516676,236.3645916,197.3834656,236.3646394,280.86792,280.8682861,313.3236168,327.7306364,220.1100222,214.7747037
186.2008857,186.2009165,284.2538495,284.2538495,236.8057896,199.4744056,236.805785,280.86792,280.8682861,313.6721161,327.9541966,219.5970374,214.7777253
186.201635,186.201635,284.2521108,284.2521108,236.6140496,198.5750127,236.6140718,280.86792,280.8682861,312.6865359,325.1664312,220.0647705,214.7747769
186.201635,186.201635,284.2521108,284.2521108,236.6140496,198.5750127,236.6140718,280.86792,280.8682861,312.6865359,325.1664312,220.0647705,214.7747769
186.2027391,186.2027244,284.2541826,284.2541826,236.6982687,198.9682423,236.6982792,280.86792,280.8682861,311.5634773,326.1360115,220.0354571,214.7765727
186.2029227,186.2029077,284.2559625,284.2559625,236.5863949,198.42562,236.5863764,280.86792,280.8682861,311.2714196,326.3616565,220.1019125,214.7787929
186.2001096,186.20011,284.2542955,284.2542955,236.3765809,197.422123,236.3766113,280.86792,280.8682861,310.3912597,327.3851203,219.8733346,214.7790062
186.1989252,186.1989106,284.2534067,284.2534067,236.0814999,196.005238,236.0815218,280.86792,280.8682861,311.1837399,327.4020739,220.3015762,214.778878
186.2003718,186.2003872,284.25447,284.25447,236.37122,197.3963279,236.3712145,280.86792,280.8682861,310.2048777,328.7340443,220.1728622,214.7789991
186.2015901,186.2015897,284.2558657,284.2558657,236.7839015,199.3614364,236.7839058,280.86792,280.8682861,311.3561048,327.3218152,220.5130424,214.7798209
186.2018582,186.2018428,284.2569924,284.2569924,236.4977487,197.9925549,236.4977349,280.86792,280.8682861,311.6198298,326.7993647,220.6919815,214.7810954
186.2018582,186.2018428,284.2569924,284.2569924,236.4977487,197.9925549,236.4977349,280.86792,280.8682861,311.6198298,326.7993647,220.6919815,214.7810954
186.201159,186.2011739,284.2566122,284.2566122,236.760672,199.2452333,236.7606909,280.86792,280.8682861,311.856958,325.6338498,220.5509754,214.7811783
186.2025323,186.2025469,284.2575766,284.2575766,236.3389401,197.2319218,236.3389424,280.86792,280.8682861,310.6892753,327.5377507,220.4313621,214.7812547
186.2030013,186.2030154,284.2578043,284.2578043,236.3792286,197.4255942,236.3792398,280.86792,280.8682861,311.3517525,328.2333426,220.523351,214.7811267
186.2028171,186.2028171,284.2575869,284.2575869,236.4021265,197.535539,236.4021026,280.86792,280.8682861,311.1390514,328.668329,220.7777697,214.7810222
186.2029712,186.2029562,284.257903,284.257903,236.5288691,198.140303,236.5288617,280.86792,280.8682861,310.4165782,328.5669341,220.5036558,214.7813203
186.2027721,186.2027575,284.2570036,284.2570036,236.6263275,198.6095303,236.6263389,280.86792,280.8682861,310.0531061,329.8069132,220.5493814,214.7803184
186.2024847,186.2024547,284.2565826,284.2565826,236.8258396,199.5598444,236.8258696,280.86792,280.8682861,310.3756779,328.2312102,220.4961626,214.7800097
186.1946648,186.1946798,284.2519893,284.2519893,236.7939059,199.4051846,236.7938859,280.86792,280.8682861,309.9417674,328.1053463,220.198677,214.780684
186.1988704,186.1989004,284.2548148,284.2548148,236.4241708,197.6421282,236.4241223,280.86792,280.8682861,309.4804751,329.0840561,220.3888089,214.7807587
186.2008253,186.2008557,284.2557631,284.2557631,236.840702,199.6290186,236.8407102,280.86792,280.8682861,310.6310478,327.4345398,220.0213667,214.7803151
186.2022456,186.2022456,284.2496277,284.2496277,236.6423252,198.7260991,236.6423171,280.86792,280.8682861,310.0184879,325.8410826,219.9769407,214.770977
186.2022456,186.2022456,284.2496277,284.2496277,236.6423252,198.7260991,236.6423171,280.86792,280.8682861,310.0184879,325.8410826,219.9769407,214.770977
186.2010509,186.2010359,284.2528093,284.2528093,236.5185514,198.1130979,236.5185711,280.86792,280.8682861,309.4854072,325.5683328,220.6053272,214.7762174
186.2024371,186.2024525,284.250861,284.250861,236.543664,198.2493765,236.5436886,280.86792,280.8682861,309.8462378,326.8981387,221.0846174,214.7724539
186.2024371,186.2024525,284.250861,284.250861,236.543664,198.2493765,236.5436886,280.86792,280.8682861,309.8462378,326.8981387,221.0846174,214.7724539
186.2028013,186.2028163,284.2480637,284.2480637,236.8399172,199.6763692,236.8399122,280.86792,280.8682861,309.7605931,325.6045562,220.0749667,214.7684383
186.2005944,186.2005944,284.250236,284.250236,236.6348383,198.6807593,236.6348622,280.86792,280.8682861,309.8171501,326.6643218,220.269528,214.7732323
186.1977784,186.1977481,284.2504713,284.2504713,236.3415463,197.2674286,236.3415985,280.86792,280.8682861,310.4674614,326.9400894,220.5341633,214.7759978
186.2003104,186.2002954,284.2541952,284.2541952,236.4137268,197.6010014,236.4136918,280.86792,280.8682861,310.7599219,327.5197153,220.5427215,214.7787156
186.2028293,186.202814,284.2525015,284.2525015,236.5847492,198.4373776,236.5847486,280.86792,280.8682861,310.4088171,326.1239518,220.5237219,214.7743037
186.2028293,186.202814,284.2525015,284.2525015,236.5847492,198.4373776,236.5847486,280.86792,280.8682861,310.4088171,326.1239518,220.5237219,214.7743037
186.2018465,186.2018469,284.2505536,284.2505536,236.5746076,198.3965278,236.5745997,280.86792,280.8682861,309.2019918,326.9300528,220.7066358,214.7725484
186.2025741,186.2025887,284.2512719,284.2512719,236.5502494,198.2787316,236.550211,280.86792,280.8682861,309.8189981,327.46868,221.0142968,214.7728976
186.2021444,186.2021444,284.2531027,284.2531027,236.2500432,196.8297779,236.2500107,280.86792,280.8682861,309.8709015,329.0403172,221.1161096,214.7756617
186.2011948,186.2011948,284.246069,284.246069,236.1676554,196.4709743,236.167644,280.86792,280.8682861,310.142242,327.515855,220.7883523,214.7671944
186.1992903,186.1992753,284.2455984,284.2455984,236.1004363,196.1428851,236.1003877,280.86792,280.8682861,309.5907062,328.7444298,220.3215821,214.7682395
186.1989191,186.1989342,284.248353,284.248353,236.0494243,195.8799386,236.0494025,280.86792,280.8682861,310.9391293,329.3023716,220.1262637,214.7721768
186.2011495,186.2011491,284.2531127,284.2531127,236.6906893,198.9321756,236.6906608,280.86792,280.8682861,309.7817074,330.6122297,219.687016,214.7765653
186.2014682,186.2014678,284.250004,284.250004,236.813837,199.5362824,236.8137832,280.86792,280.8682861,310.6548728,327.3236104,219.571311,214.7722017
186.1968432,186.1968282,284.2466708,284.2466708,237.1856172,201.2966877,237.1855826,280.86792,280.8682861,309.9160926,328.0750805,219.6739129,214.7717704
186.1973314,186.1973318,284.2495957,284.2495957,236.8016305,199.4653808,236.8016213,280.86792,280.8682861,310.4161061,329.1726788,219.9537425,214.775201
186.1994338,186.1994188,284.2528849,284.2528849,236.2756122,196.9435319,236.2756251,280.86792,280.8682861,309.5960438,330.2776436,219.8535157,214.7777587
186.2000897,186.2001047,284.2541179,284.2541179,236.1969391,196.5609021,236.1968883,280.86792,280.8682861,310.041916,330.2769089,220.3206204,214.7788047
186.2004396,186.2004546,284.2550213,284.2550213,236.2684206,196.900509,236.2683855,280.86792,280.8682861,310.3672934,330.0842733,220.6711332,214.7796677
186.2011934,186.2011788,284.2560889,284.2560889,236.2591852,196.8526976,236.2591573,280.86792,280.8682861,310.4735502,330.5877065,219.9125296,214.780469
186.2022181,186.2022331,284.2571657,284.2571657,236.5017557,198.0122116,236.5017343,280.86792,280.8682861,310.7295276,330.6441453,220.1561469,214.7809731
186.2023126,186.2022976,284.2525576,284.2525576,236.9427851,200.1365088,236.9427795,280.86792,280.8682861,309.9828714,329.7091368,220.1133444,214.7748275
186.2023126,186.2022976,284.2525576,284.2525576,236.9427851,200.1365088,236.9427795,280.86792,280.8682861,309.9828714,329.7091368,220.1133444,214.7748275
186.2015348,186.2015198,284.2514016,284.2514016,236.9132209,200.0001337,236.9132115,280.86792,280.8682861,309.33808,328.8307164,220.3353679,214.773971
186.2013631,186.2013627,284.2551264,284.2551264,236.8507276,199.6820885,236.8507268,280.86792,280.8682861,309.2827279,328.5054537,220.3616618,214.7790326
186.2013631,186.2013627,284.2551264,284.2551264,236.8507276,199.6820885,236.8507268,280.86792,280.8682861,309.2827279,328.5054537,220.3616618,214.7790326
186.2020591,186.2020591,284.2506602,284.2506602,236.4749792,197.9211348,236.4750121,280.86792,280.8682861,308.0571832,329.6554519,220.3921561,214.7725068
186.2010663,186.2010808,284.2528511,284.2528511,236.1726339,196.4551974,236.1726077,280.86792,280.8682861,308.9565367,328.651806,219.8203223,214.7762689
186.2025312,186.2025312,284.2541612,284.2541612,236.7565056,199.2446495,236.756521,280.86792,280.8682861,309.6808014,329.0032803,220.4291679,214.7767337
186.2028858,186.2028704,284.2547546,284.2547546,236.3681943,197.3894578,236.3681787,280.86792,280.8682861,311.0713696,328.4017245,220.7125399,214.7772568
186.2028858,186.2028704,284.2547546,284.2547546,236.3681943,197.3894578,236.3681787,280.86792,280.8682861,311.0713696,328.4017245,220.7125399,214.7772568
186.2008922,186.2009071,284.2517585,284.2517585,236.9382198,200.1143161,236.9382447,280.86792,280.8682861,311.1626145,325.8967193,219.9030067,214.7749776
186.2016704,186.20167,284.2544711,284.2544711,236.7748447,199.326717,236.7748391,280.86792,280.8682861,309.1901402,326.819992,219.3845823,214.7779017
186.2010163,186.2010013,284.2511318,284.2511318,236.5732009,198.3831798,236.5731761,280.86792,280.8682861,308.1911303,326.7519114,219.6950899,214.774072
186.2010163,186.2010013,284.2511318,284.2511318,236.5732009,198.3831798,236.5731761,280.86792,280.8682861,308.1911303,326.7519114,219.6950899,214.774072
186.1985844,186.1985832,284.2502056,284.2502056,236.1753445,196.4743433,236.1753726,280.86792,280.8682861,308.8561132,329.162895,219.4612729,214.7748863
186.1997475,186.1997625,284.2534055,284.2534055,236.4176313,197.6224644,236.4176554,280.86792,280.8682861,310.2148583,330.4609563,219.540111,214.7781385
186.1997475,186.1997625,284.2534055,284.2534055,236.4176313,197.6224644,236.4176554,280.86792,280.8682861,310.2148583,330.4609563,219.540111,214.7781385
186.2028453,186.2028453,284.253481,284.253481,236.6661923,198.8199942,236.6661909,280.86792,280.8682861,308.7676522,329.6627695,220.1230672,214.7755543
186.2028453,186.2028453,284.253481,284.253481,236.6661923,198.8199942,236.6661909,280.86792,280.8682861,308.7676522,329.6627695,220.1230672,214.7755543
186.2029173,186.2029472,284.2529887,284.2529887,236.3636376,197.3782591,236.3636296,280.86792,280.8682861,308.5919469,328.8433976,220.3452123,214.7748191
186.2017195,186.201719,284.2536821,284.2536821,236.4829655,197.9405206,236.4829616,280.86792,280.8682861,308.6205055,328.4385394,220.5725524,214.7767989
186.2026611,186.2026906,284.2554449,284.2554449,236.2540382,196.8374965,236.2540513,280.86792,280.8682861,308.4796988,330.2663323,220.1616382,214.7783127
186.2025838,186.2025833,284.2565397,284.2565397,236.709053,199.0054505,236.7090682,280.86792,280.8682861,308.3590341,328.9604602,220.2658623,214.7798571
186.202571,186.2025864,284.2543083,284.2543083,236.6229703,198.6084196,236.6229838,280.86792,280.8682861,310.4020704,331.0656785,219.8897824,214.7768778
186.202571,186.2025864,284.2543083,284.2543083,236.6229703,198.6084196,236.6229838,280.86792,280.8682861,310.4020704,331.0656785,219.8897824,214.7768778
186.2016721,186.2016566,284.2533331,284.2533331,236.3528881,197.3198658,236.352902,280.86792,280.8682861,310.8075821,330.1012846,219.3597631,214.7764156
186.2025631,186.2025786,284.2516338,284.2516338,236.2721872,196.946223,236.2721823,280.86792,280.8682861,310.8978082,328.4966798,219.3508733,214.7733493
186.2032877,186.2032727,284.2538914,284.2538914,236.5522436,198.2759704,236.5522389,280.86792,280.8682861,310.3122603,328.6382826,219.6425111,214.77575
186.2005784,186.2005784,284.2530089,284.2530089,236.9825698,200.3159817,236.9825947,280.86792,280.8682861,310.270033,327.841201,220.0406162,214.7769101
186.201306,186.2012906,284.2543514,284.2543514,237.1420253,201.064356,237.1419876,280.86792,280.8682861,309.6182231,328.0460416,220.5038782,214.778054
186.1968685,186.196869,284.2469887,284.2469887,236.7989211,199.4659121,236.7989508,280.86792,280.8682861,310.0874296,329.9676415,219.9798878,214.7721432
186.2004538,186.2004687,284.2512377,284.2512377,236.5409457,198.2267513,236.5409408,280.86792,280.8682861,309.8254522,331.5727874,219.7571619,214.77465
