314.5382008834994, 415.0587600966366, 210.95147052954732
314.56686760369024, 415.0861854284014, 210.952436776332
314.52701951669843, 415.1035538530206, 210.96309706855695
314.53986459366934, 415.10716357051695, 210.96722009437673
314.5503065799988, 415.09566737341856, 210.9641523300217
314.57281360137785, 415.06987380596115, 210.9535071706196
314.58805384574794, 415.09064490153673, 210.95594539631512
314.5689176777113, 415.0634302420843, 210.95054995670705
314.58545711549465, 415.0888300780897, 210.95413395181936
314.59640782067214, 415.09367267477563, 210.9602048470279
314.5560154633398, 415.09454481942083, 210.96141460384962
314.56353009762057, 415.0990209085841, 210.96304074039972
314.5739839249654, 415.10921146795476, 210.96717851258936
314.58283450453183, 415.08844956899196, 210.9620729966923
314.5504107969463, 415.10050123422434, 210.96248158890106
314.5651869781944, 415.10677563409376, 210.96668684922705
314.5823859069131, 415.11293099030314, 210.9698231064756
314.5918151676735, 415.11780110795684, 210.97250312104418
314.5477434844877, 414.990641875118, 210.9309982084536
314.569386765398, 415.03571556068977, 210.9237637703934
314.5547503582901, 415.07155708975597, 210.9435737117042
314.5641902768677, 415.0779182305237, 210.95200043609728
314.56446075095647, 415.0926123817061, 210.9580372373709
314.54289843309556, 415.0157100266981, 210.93494605597385
314.5496177284922, 415.0203389643708, 210.92296524739396
314.5709248131171, 415.0609165103512, 210.93733997636537
314.5455925872606, 415.08197025325603, 210.9515084460148
314.55624479140715, 415.0652574517785, 210.94954003370316
314.56264126858997, 415.08026852694275, 210.95164556979597
314.54691159536225, 415.0929261836834, 210.9585438729221
314.5684388773508, 415.10255379790823, 210.9639136669528
314.5874204435637, 415.1102062197844, 210.9680859016397
314.59684182821013, 415.1097539867992, 210.96937541972883
314.6021718040435, 415.1138759630481, 210.97061658186163
314.6037369409392, 415.11587590548226, 210.9720924625341
314.6036230907711, 415.11917565409027, 210.97347814714857
314.6002405294236, 415.11337390063096, 210.97209349250124
314.60178962089435, 415.1151185105531, 210.97163554959363
314.57361045987, 415.1155066823824, 210.9721249457223
314.5707706226434, 415.1181065651473, 210.9730525619251
314.5643831945582, 415.1072563180715, 210.96991121156805
314.53003240154584, 415.1097891627585, 210.96882904498923
314.55707947606544, 415.11556406934244, 210.97118830619152
314.58051918645856, 415.11811406336574, 210.97304927303702
314.56836293724757, 415.11634430759074, 210.9728643198924
314.57218322715323, 415.11454861596394, 210.97205893966188
314.5574795244157, 415.10603596395185, 210.9688183182952
314.57428118643253, 415.1137833448473, 210.9700331748589
314.5896754700157, 415.1135696140404, 210.97123846973645
314.5582106524511, 415.1134412388408, 210.97116655374393
314.58183041823725, 415.1085978762978, 210.96951628868445
314.5775371208628, 415.11471824907835, 210.9707247045323
314.5867908183417, 415.11597687254164, 210.97228493327273
314.549853625865, 415.10422817789294, 210.9685027593582
314.5637094485939, 415.1049446643336, 210.96664286076253
314.58096994665823, 415.11337445455706, 210.96959910816045
314.5885106646999, 415.10828532459766, 210.9693624519806
314.5966642052159, 415.1089890511169, 210.96868960234093
314.5548942393095, 415.1147645023264, 210.9708571771706
314.56505305484615, 415.11820766056286, 210.97299454229662
314.569429501264, 415.0626852493861, 210.95510515213337
314.5701680796039, 415.08664533666035, 210.95331586898837
314.573203026522, 415.10156009111773, 210.96246306493398
314.5513227337012, 415.10537817456395, 210.96640808393187
314.56234984617225, 415.09230281322095, 210.96267849943823
314.58393616402026, 415.1034860478714, 210.96410584925297
314.58583717079875, 415.1029800384203, 210.9659230527205
314.58777824996884, 415.10109078065665, 210.96518428141076
314.5866803911843, 415.10795591787894, 210.96713668224038
314.53726822216623, 415.0917353311511, 210.96301307356254
314.5519400351556, 415.1017503211102, 210.96354082103298
314.57261318541185, 415.0975017019003, 210.96385185322998
314.58800548691966, 415.0872988558999, 210.95969964583762
314.5722477404213, 415.0833457055662, 210.9565177076759
314.57383119969484, 415.0976139518765, 210.960613690298
314.5481649487605, 415.0570657200714, 210.94954680492685
314.5511450401072, 415.08152510319707, 210.95058017120056
314.57644022426217, 415.100208535249, 210.9611622037845
314.5606692164462, 415.0891841687129, 210.96076568940626
314.5662857064039, 415.09209937036997, 210.9597237885139
314.58460862400835, 415.1064434322997, 210.96501103218418
314.5953149870375, 415.10570517458336, 210.9673492290235
314.6008525492513, 415.1136042195533, 210.96983162594643
314.5889088322851, 415.11538788453936, 210.9718567066051
314.58756188175414, 415.11001977397694, 210.9703174254345
314.59213290113354, 415.10947641835753, 210.96926444966306
314.53888758770603, 415.0160247005127, 210.93790175775894
314.5576998944824, 415.0429150605777, 210.93060372243445
314.5592640660106, 415.00582572891204, 210.92293869990155
314.5386388799998, 414.9939802494656, 210.91250284368522
314.5658125081241, 415.04866097057624, 210.9286025961616
314.58544650004933, 415.06551603642254, 210.9438405296584
314.5929340984088, 415.0905794559352, 210.9551361572411
314.59938756100416, 415.10369185967687, 210.963919802604
314.60294723135576, 415.11240925922795, 210.96912935478522
314.60033968729584, 415.1103177375312, 210.96996497504884
314.60166611023055, 415.10820561983695, 210.9688391129848
314.6038470687518, 415.1122039971961, 210.9699045264612
314.56130576736325, 415.1157158058612, 210.9716242236578
314.57170311306515, 415.11779382979, 210.972956151915
314.58903386184727, 415.1171957606406, 210.97313255982976
314.58573290619466, 415.02853451742527, 210.94351433773963
314.5518471464391, 415.0688832988255, 210.9414465796858
314.560472698642, 415.05593255396053, 210.944196580582
314.55392113900723, 415.0867146687363, 210.95217323524813
314.55365750964376, 415.0777477075675, 210.95454220688143
314.56977570994076, 415.0484775256624, 210.9432346447199
314.5823253257918, 415.0797267435301, 210.9485396827827
314.54672512393694, 415.09987957716885, 210.96072444901802
314.5568044451531, 415.074621459471, 210.95582868574647
314.54340966929743, 415.09527455257654, 210.95825607723813
314.57175471052255, 415.10250893660447, 210.96431369412463
314.5886857553675, 415.1120792190659, 210.9687285079389
314.5644071213611, 415.1058117735799, 210.9683189426804
314.5609808539532, 415.1023883277657, 210.96605404036546
314.5604475509235, 415.10663088321496, 210.9669364043362
314.5761742916158, 415.11118439168223, 210.96917137729557
314.58678956681786, 415.1084482342167, 210.96902902993673
314.5955636409358, 415.1132073174362, 210.97021778172603
314.60073344690517, 415.1071284877306, 210.96901929254602
314.6037922373721, 415.10123450257197, 210.96598083780395
314.6052782521936, 415.10671552962833, 210.96670979492964
314.60651677571366, 415.10963131189646, 210.9686924786979
314.5537742276668, 415.10570534687906, 210.96786632396564
314.5724976659294, 415.11213789108155, 210.96937584440846
314.58709124067633, 415.1157839479589, 210.97176987799838
314.59628097032373, 415.11827248019335, 210.97320693895995
314.6006919636367, 415.1188791185154, 210.97379858207464
314.5870128784709, 415.10054052145586, 210.96775978717645
314.5954360291558, 415.05484032252036, 210.94927978202884
314.6012848268834, 415.0547701492909, 210.94138233872965
314.59725426289407, 415.07939369224, 210.94957846193373
314.6001293668338, 415.0938482748348, 210.958652662856
314.6029908141041, 415.09443285717487, 210.96141521494428
314.5995968371739, 415.10326433318534, 210.96444032425077
314.6006483160493, 415.10828814150506, 210.9676048129759
314.5997599372007, 415.1081124908459, 210.9685195076908
314.59778331729336, 415.11114334697373, 210.969419766594
314.5927019408562, 415.1164208500755, 210.97173193113642
314.5434668915781, 415.0610413725153, 210.95420560753843
314.5361256446641, 414.99300248925414, 210.92183175205983
314.5647479344267, 415.00341874708016, 210.91337960849307
314.5415126807213, 415.0129577778397, 210.91852914618013
314.5712583985538, 415.0505889697997, 210.9326876545826
314.5364068516707, 414.9946557522593, 210.92060529962328
314.47851124243203, 414.983756750954, 210.90712663234086
314.5380898601071, 414.96589453217433, 210.89931053444917
314.54757509152165, 414.9270272275987, 210.8831084459341
314.5694138869844, 415.01638096075635, 210.90611991803829
314.57327959891114, 415.0587500244187, 210.93587006097457
314.5372804364172, 415.0872298892665, 210.95282608369163
314.5612796838271, 415.06095191418524, 210.94904136526253
314.58011367567065, 415.08760190148, 210.95334691990962
314.54493597173814, 415.0847046736329, 210.9570409489276
314.5532166386415, 415.0588037390384, 211.30319780740575
314.57933094583234, 415.0900626219819, 211.1049024978779
314.56844956360317, 415.09884541655464, 211.0235326800834
314.58032641665335, 415.1033174715072, 210.99250889977753
314.58968595521645, 415.0996713898036, 210.97762542906054
314.5940817032983, 415.10964597724575, 210.97243385887558
314.57427257275685, 415.1001590499541, 210.96827020548844
314.58139974589363, 415.08736523598577, 210.96082693642094
314.5829952286627, 415.0848884467456, 210.95720018102148
314.576559671261, 415.0904825491037, 210.95842132465376
314.58155012994087, 415.08550848284625, 210.95773841621775
314.58077070042634, 415.0836756919368, 210.95632774005648
314.5703499595208, 415.04071135890484, 210.94168753551654
314.5812405385817, 415.050137458785, 210.93735886052607
314.5905464354406, 415.0826552379391, 210.94976983006472
314.59816000328055, 415.1016414211887, 210.9617040855752
314.59835947964336, 415.11113072533266, 210.96834311263206
307.3658784606182, 369.5057447622222, 193.84386258416947
304.91433988491104, 372.07494147407914, 194.19178790424786
303.80740526369, 373.4417214271095, 194.4562267342017
303.2829171308189, 374.19774932801045, 194.6343997644693
303.02652751926325, 374.57279882024676, 194.73929159201458
302.89815481834756, 374.7803979252292, 194.79823413847856
302.83245699222726, 374.8828531365764, 194.83148119579343
302.80301526443094, 374.93797130850015, 194.84929029310837
302.7866623591073, 374.96441610694137, 194.85850610269077
302.7796167810414, 374.9765594975425, 194.86259134296552
302.77606551920826, 374.9789887280556, 194.86319773785695
302.77445860404396, 374.98409738290184, 194.8641523898721
302.7739000345451, 374.9881328652987, 194.86575628978105
302.77269495226466, 374.98964366240574, 194.86677141459248
302.77318383155745, 374.9914884011103, 194.86754364886147
302.77317852976546, 374.98963877931806, 194.8671769510553
302.7732909065454, 374.9907558433662, 194.86719293954147
302.7732880803101, 374.99215413373213, 194.86782655065292
302.77239564639245, 374.99237202288236, 194.86812190720877
302.77304044236456, 374.9928141182255, 194.8682774741102
302.77337798472263, 374.99256861140583, 194.86834661569173
302.7735133350868, 374.9928145518253, 194.8683701834054
302.7733208692009, 374.9915262222949, 194.86801367836426
302.77233266633533, 374.99158296494454, 194.86777559342002
302.7728389699345, 374.9919223619864, 194.86788979353642
302.77299014022645, 374.991669666154, 194.8678471418241
302.7729115929948, 374.9904127526838, 194.86736625878382
302.7719399177245, 374.9901787394818, 194.8670199599172
302.7727165738104, 374.99097368384594, 194.86732111120799
302.77309813150237, 374.992032260759, 194.86778809864748
302.7580228240707, 374.98908786379485, 194.86701135821357
302.76491385387055, 374.9902614078014, 194.8668861661023
302.7676076064633, 374.98769037452865, 194.86620664967785
302.7564075532502, 374.98840816482107, 194.86595632202102
302.7615005448028, 374.9899116844707, 194.8665808086898
302.7675143664234, 374.99006827472647, 194.8668858984509
302.7688138406282, 374.98982608508885, 194.86688227513858
302.75612255168517, 374.99019202178454, 194.8669478434078
302.75813100191476, 374.9903675286489, 194.86705867774555
302.76387059405954, 374.9885343513249, 194.8664985727539
302.7584527805696, 374.9898741671897, 194.8665659219354
302.76513586498993, 374.98976875552466, 194.86673643429472
302.7666934506122, 374.99023327553635, 194.86697403845017
302.7698760570101, 374.99165731862587, 194.8675034735536
302.76296362080035, 374.99218641955514, 194.86796788268109
302.7606566682851, 374.9927169778386, 194.868296084801
302.76610221152924, 374.9882256527574, 194.86672070345972
302.7688095113917, 374.98731944096335, 194.86570075387374
302.7692320263828, 374.98722780074365, 194.86556797775623
302.7698553976972, 374.98851520830016, 194.8659580657146
302.76132351567156, 374.983524797181, 194.86451729902697
302.76347133034164, 374.98679195330425, 194.8647154981135
302.76609343870695, 374.98874104856105, 194.86585920880836
302.755517620974, 374.9908258348668, 194.866930834113
302.75409442344386, 374.98947170960184, 194.86689834881977
302.74289463954887, 374.9882028308224, 194.86619180403082
302.7474162850414, 374.98245443414265, 194.86404800632974
302.7599578239587, 374.9843505920847, 194.8636696614925
302.7667076671453, 374.98873860896407, 194.86548342048883
302.76876376500854, 374.9873296950225, 194.86577352462766
302.77014474919997, 374.9889774310397, 194.86605370546764
302.7713614292277, 374.9892050859514, 194.8664969044966
302.764848940445, 374.9910439252379, 194.86713314624012
302.7472576443223, 374.9905726986344, 194.86731856844838
302.7576072517676, 374.98996019727286, 194.8670343917046
302.7610299091485, 374.9880468648306, 194.8662817756911
302.76243778749733, 374.98777556955264, 194.86585224360985
302.7656686424414, 374.98876057875776, 194.86611981503415
302.76626948867334, 374.986686892629, 194.86557340915834
302.76640034745566, 374.98551655956373, 194.86477756168125
302.76666603832075, 374.98058041773527, 194.8629466583421
302.76477232730434, 374.98298011847754, 194.8628286328168
302.7647795587092, 374.9814556665625, 194.8627413992996
302.768970110603, 374.9867791048033, 194.86425739575108
302.7696378582743, 374.9889905224719, 194.8659645826769
302.77073538790586, 374.98931790565376, 194.8665090615862
302.77197444360246, 374.99002920629096, 194.86686202233022
302.7484331682516, 374.974200926516, 194.8616021229259
302.7437000532928, 374.9522778256573, 194.85141283099705
302.75802708436436, 374.9622805181491, 194.85061397976878
302.73756955687276, 374.95938342203976, 194.8515811353073
302.7518758548689, 374.970017548496, 194.85456792897094
302.7583592282247, 374.9804245377773, 194.86003515321966
302.76566776224354, 374.9864376581746, 194.8639169402249
302.76906436707077, 374.9877092565534, 194.86546247285872
302.7710079414147, 374.99021937433156, 194.8665571902188
302.7680449933161, 374.9906104744083, 194.86720643935107
302.7700268152047, 374.9912993669121, 194.86746028428632
302.77005814810633, 374.9571743521339, 194.85620808146683
302.748058049797, 374.9702970936431, 194.85417803966448
302.7578524278773, 374.95573389210733, 194.85175715629092
302.7635247146061, 374.9739501522899, 194.85516701203906
302.7679971110233, 374.98122262390643, 194.86102161402337
302.76929927503085, 374.9808331272758, 194.86224871431764
302.770951005058, 374.94424862575505, 194.84991416710105
302.7713327720296, 374.94367922559894, 194.8429641263982
302.77177926438543, 374.93481641589943, 194.83991375424517
302.7133982807173, 374.8952887193424, 194.82514944757298
302.7235170792719, 374.9103331442786, 194.82271815279051
302.7236656605523, 374.8713730383552, 194.81254928228162
302.72947308744295, 374.90696440908624, 194.81717110315233
302.7175791579924, 374.8724298610499, 194.81228554214178
302.7196284332476, 374.79201856811255, 194.77893056444134
302.639493553136, 374.86661450011235, 194.78892731875175
302.3764856584524, 374.7941247623971, 194.7786301606604
302.49675332912034, 374.7703477649703, 194.75722608447373
302.60989537098203, 374.83109901642024, 194.77305283120103
302.6649372591874, 374.7391326541877, 194.75372239496002
302.70000795433765, 374.78131348629313, 194.7506248785974
302.7318166282091, 374.86990080316804, 194.78802448601147
302.74427662291345, 374.9123651351679, 194.81867109017432
302.7577324230956, 374.90360154631276, 194.82364083617227
302.76123244027985, 374.90226346716474, 194.82160352975927
302.7489108695379, 374.93431089847496, 194.8319952404266
302.7589118857898, 374.9547667680788, 194.84478833588955
302.75626464263803, 374.9722981594269, 194.85444950778017
302.7613366324189, 374.9826075178171, 194.8611969023662
302.76722032327257, 374.961132653559, 194.85590532880627
302.77017303947196, 374.93562088511635, 194.8433878400302
302.76404174504654, 374.9414832892013, 194.84063905526182
302.75960029014084, 374.9445729331046, 194.8427359605255
302.76512969424283, 374.9470009996816, 194.8441014201761
302.7649225687128, 374.963638674271, 194.85011941889724
302.76634360826677, 374.972114540379, 194.85600975480358
302.7693824289812, 374.98076671766034, 194.8605233795015
302.7710942546606, 374.97758763029316, 194.86104091509648
302.76899511648173, 374.97932626211156, 194.86105775621107
302.77066546218566, 374.97593059178104, 194.86029404057678
302.7716784223318, 374.9759802524702, 194.8596574049731
302.77204831492486, 374.97634079752936, 194.85974071429817
302.7728383602074, 374.98471046615583, 194.86262444241376
302.772933539876, 374.97101653074884, 194.85958937987232
302.77270287055705, 374.98131483880167, 194.86053136977984
302.7687047237128, 374.98591252064745, 194.8639313467556
302.7694567647453, 374.9889591559105, 194.8657711664616
302.76946423244453, 374.9158706881781, 194.84201309771268
302.77119325161436, 374.9160979002571, 194.82845007294014
302.77223564058085, 374.9524831601629, 194.84065357018898
302.77265758658956, 374.9726370837467, 194.85409000590292
302.7730174051748, 374.98228516229887, 194.86109185524708
302.773340619634, 374.9876534972054, 194.8646432481009
302.7733097325323, 374.944136923791, 194.85119874151826
302.77304267003205, 374.93168790776497, 194.83896094874652
302.7710105459007, 374.9560868356349, 194.8447280105301
302.77073228306807, 374.97107945064863, 194.85423583129378
302.77209251001716, 374.9821470558604, 194.86074605250323
302.7718452987591, 374.9873278117613, 194.8646000736172
302.7723271068371, 374.9899339270843, 194.86639130644235
302.7715715722291, 374.98636725211037, 194.86567903790646
302.77232284669583, 374.9857913077058, 194.86489808431827
302.7723784551655, 374.98727455097116, 194.8652178362544
302.77300484826526, 374.9887022305243, 194.86598235942728
302.77334581595005, 374.990417858429, 194.86683612711687
302.7735039446773, 374.9913452486156, 194.86743018245593
302.77349377528026, 374.9920356356159, 194.8678374870941
302.77342777102007, 374.991373699785, 194.86776389648014
302.77296933773556, 374.9920282205002, 194.86785627816005
302.77288658136587, 374.99206842953475, 194.86799611342968
302.77203923269826, 374.9852420351477, 194.8657261636553
302.7724740777874, 374.9478264853725, 194.85196829507893
302.77273927478257, 374.9281868902428, 194.8384597152975
302.7723030124038, 374.9527527576537, 194.84296779297986
302.77273034835457, 374.95967461229964, 194.8498685696574
302.7719438570695, 374.9745277736205, 194.85611588159736
302.77213914890933, 374.9826527363987, 194.8616429031693
302.76673537649464, 374.97518367960225, 194.86065593911897
302.7682092101691, 374.9823399469419, 194.86154888726233
302.7705016247039, 374.9848569398545, 194.86378304405582
302.7708485176811, 374.98665844104437, 194.86484031239536
302.7709261343643, 374.9285986825751, 194.84583219707
302.7720648653885, 374.93233553886324, 194.83626370414348
302.77237133898365, 374.93987866407707, 194.8394672353322
302.77281313719755, 374.9618799076965, 194.84820758075162
302.77326398827023, 374.8724303299975, 194.82248864775735
302.7719596351333, 374.8954030002043, 194.81348459428645
302.7725488923153, 374.9307844225749, 194.82954789959257
302.77115134886475, 374.73438947196297, 194.7706684084464
302.77026139922674, 374.8031053561891, 194.75706517056153
302.7712888896916, 374.89007925223234, 194.79883668017484
302.76637664138093, 374.91356145641106, 194.82284848078368
302.11835710243264, 374.27249156036913, 194.56663627263907
302.32852889947605, 374.47845504824, 194.54269159152506
302.49085513324485, 374.5509942894582, 194.61565105559146
302.6052452922516, 374.75589981234083, 194.7021217609142
302.6839693366459, 374.8658882511224, 194.77939542774473
302.7191413947685, 374.92336915688935, 194.8203583754742
302.73418893671305, 374.92914846780633, 194.83356876415243
302.73277002262716, 374.9272318988219, 194.8343962440415
302.73176889569436, 374.93334500065237, 194.83625073386162
302.74322811081277, 374.94197884139624, 194.8402993610057
302.7116509078469, 374.92172622503455, 194.83516036592928
302.7361089455204, 374.9489777847801, 194.84053054045955
302.75006306440275, 374.96876135291, 194.8521428493655
302.76082982802495, 374.88120778475724, 194.82669339400317
302.73292944941335, 374.8844908676239, 194.81145516836082
302.7443907069195, 374.91330155546393, 194.8216871503855
302.7363057535459, 374.91634077630215, 194.82807795120792
302.7511157648964, 374.93046749302465, 194.83333330729906
302.7606169756474, 374.92982485938734, 194.83566145232064
302.7656176302337, 374.9512749838485, 194.8428286611957
302.76834884874313, 374.9596097479353, 194.84972395263745
302.769210470039, 374.9637094963706, 194.85248537876268
302.7713933948476, 374.9646055588142, 194.85361949801097
302.7465102666743, 374.97351336545523, 194.85664490389897
302.74755935615997, 374.94360881410745, 194.84842792841127
302.7585946381461, 374.96604288999373, 194.85039770585126
302.76493100239577, 374.9754264267307, 194.85764408779804
302.7687862937411, 374.9834061330101, 194.8619924641199
302.7555619930088, 374.97308837877983, 194.86010808692538
302.7632347530756, 374.9688656920711, 194.85671130731012
302.7658980635446, 374.9798155319317, 194.85958057086103
302.7483595901538, 374.9624007389973, 194.85585026688574
302.75936208682003, 374.9763971234907, 194.8572524863225
302.7658515735624, 374.98455297370106, 194.8625797183933
302.76887011702416, 374.98778748884837, 194.86519784429547
302.7705953567279, 374.9902289965987, 194.86659783558918
302.7707721207036, 374.98432994034744, 194.86505924483612
302.7492953469254, 374.98660675304285, 194.86475025047028
302.7531190555376, 374.9897380585956, 194.86612142418616
302.7599040823154, 374.9907656941109, 194.86703879225456
302.75702921644137, 374.9697251554436, 194.8603650449467
302.76455344541836, 374.9720119265223, 194.8572117622593
302.76892797640966, 374.9789286921578, 194.85990661263378
302.76848212130386, 374.98273407210957, 194.8624452214293
302.7703276262758, 374.9856048663412, 194.86404451133785
302.7704517239298, 374.98815437857047, 194.86545205985
302.76986228175605, 374.98517170176325, 194.86504148602734
302.77101328282004, 374.98258863293756, 194.86353201612718
302.76522366077415, 374.97950030805487, 194.8619926411111
302.75144464461533, 374.9815090039366, 194.86215521753164
302.7548130128676, 374.98713372608734, 194.86437754935906
302.7506962771658, 374.9857872462404, 194.8649917408729
302.75519980106793, 374.9891827078243, 194.8658807539846
302.76178042505603, 374.99098358281367, 194.86707107015474
302.76778943895266, 374.9822829071214, 194.86458490624474
302.744745772013, 374.98760537184836, 194.86464068413272
302.74891204258574, 374.988467297914, 194.86594506122574
302.7567627154836, 374.9855701636949, 194.86516253599743
302.764235930728, 374.98204701361504, 194.86343308689777
302.76634904981694, 374.98344868433685, 194.86329101996455
302.7658616387451, 374.981794780942, 194.86297166103776
302.7507074217039, 374.98152566838627, 194.86262221311426
302.7173138159816, 374.9865070572385, 194.8641767682871
302.7428516693346, 374.9776992194324, 194.8622226887744
302.7459192135353, 374.9754459164078, 194.85989166989864
302.7428154007083, 374.9778578713207, 194.8601697417765
302.7022006835851, 374.9745493050239, 194.85960252962855
302.7284151231653, 374.9833952396338, 194.86185136448626
302.7427271885366, 374.9881744038995, 194.86506968897564
302.74577406359134, 374.9699737285265, 194.85990166156407
302.7499728376262, 374.97998286931244, 194.85980406237056
302.7148588501313, 374.9623917774456, 194.8558532950223
302.6588905310262, 374.9656072806178, 194.85373795154243
302.71233709184025, 374.9793267588393, 194.85874871602144
302.7147208617446, 374.98190761585585, 194.8622480595652
302.74377959100593, 374.987199459378, 194.86444373625935
302.75794896565424, 374.9888949955515, 194.8660778952545
302.76499439283225, 374.97673456520903, 194.8622778622106
302.7651330150736, 374.9621298357271, 194.85511379616605
302.7565572817577, 374.96859482023643, 194.8546302528469
302.7524830574046, 374.9799006988701, 194.8595985629532
302.7597270113694, 374.98378426904935, 194.862995104737
302.76616276826996, 374.9830040750918, 194.8633739155801
302.76581686325267, 374.9836585360024, 194.86350966199572
302.73439472972365, 374.98172978491607, 194.86305565592832
302.6896755870176, 374.98740131294016, 194.8644421644637
302.7313206702566, 374.9846380939827, 194.86459753171764
302.75248793515516, 374.9877437714099, 194.86513672409413
302.7526797581243, 374.977305395507, 194.86224145949828
302.7617499615349, 374.98373047886344, 194.8624393944232
302.73797353270965, 374.97235153853467, 194.85988664099762
302.7451439144898, 374.97085733194814, 194.85729655925863
302.74986896166916, 374.9239128960805, 194.84131985561305
302.7580613924195, 374.9401848062412, 194.8381116853613
302.76437768506327, 374.966616044134, 194.84984947668897
302.76772532717484, 374.9786483701388, 194.85873359492064
302.74476077242366, 374.95747795415076, 194.85404803439928
302.7531624645289, 374.9673925570771, 194.85337019048058
302.7624231955868, 374.9790383411253, 194.85912817717934
302.7673013867734, 374.98247932732875, 194.86237586421856
302.77035181882405, 374.9876801098148, 194.86477383033605
302.77165051166196, 374.9594957593656, 194.85628129139906
302.76714214362477, 374.96014688551463, 194.8513255420387
302.7700914814347, 374.9764884346578, 194.8568593916388
302.75586828524365, 374.96896886424383, 194.85738065991472
302.76383971217723, 374.9780799623329, 194.85905372273544
302.7661868667623, 374.9845300458281, 194.8629163369646
302.7525636318956, 374.9885597855539, 194.86546186002744
302.75475441207413, 374.98785400204355, 194.865955652326
302.76311988772295, 374.9895284126547, 194.86636562050643
302.7670614408481, 374.99026046073976, 194.86694097825747
302.76985108597495, 374.9903821370047, 194.8670898649173
302.7642412683515, 374.98286386157906, 194.86462248100693
302.74915513127496, 374.9877394954924, 194.86483678693276
302.75583041931907, 374.9876342089016, 194.86576875080348
302.76196975056604, 374.987565574433, 194.8656928972599
302.7657748735481, 374.9888667339125, 194.86606526495427
302.7540652823632, 374.9654525380582, 194.85860239909582
302.7586625033636, 374.97204960361546, 194.85632475788134
302.76510913381406, 374.9777287530489, 194.8594751426342
302.767803770929, 374.98498360726455, 194.8630189009568
302.7702824898935, 374.98854878847794, 194.86543668852403
302.77053480189846, 374.9886988415057, 194.86623603065865
302.7684941161761, 374.98632175454117, 194.8654153101761
302.76907649866394, 374.9866005956097, 194.86509743072148
302.7695185981419, 374.98673391245575, 194.86526789801778
302.77054095971727, 374.98727017144574, 194.86533630012866
302.77178513263306, 374.98858194591, 194.86597947903883
302.77190791684404, 374.9901375708404, 194.86675606412814
302.7721441205431, 374.9908855029244, 194.8672119189823
302.77132379518594, 374.98857381027767, 194.86655613110798
302.7716152204055, 374.99047495010876, 194.86682442234232
302.7655631001336, 374.9792114344437, 194.86340292449776
302.76223225647817, 374.97147388807355, 194.8586829092151
302.76698403270876, 374.96134047011316, 194.8539044738608
302.76964517862086, 374.97642213596293, 194.8571195681186
302.7711695728407, 374.9839147604623, 194.86236976777607
302.7718058927907, 374.98843094417964, 194.86533225279308
302.7708865066289, 374.9899474210376, 194.8665665150409
302.7717760455901, 374.99120648284367, 194.86729080742077
302.77148085908794, 374.9909577958414, 194.8674843543639
302.77229634432285, 374.9901309271257, 194.86714331561222
302.7726570225683, 374.9906934078365, 194.867149011273
302.77236579470593, 374.9906981361655, 194.86724293667822
302.7508582470059, 374.9874766934559, 194.86624963650155
302.76070042637025, 374.9892952755487, 194.86623323056784
302.7622652754746, 374.98884565121875, 194.86640950830906
302.7443948141951, 374.99018327294107, 194.8667772139171
302.73279094325187, 374.98706201902763, 194.8659780357673
302.7523129422043, 374.98788949819465, 194.86564385912817
302.7630021731692, 374.9802730818502, 194.8633048011015
302.7670579726898, 374.9846904065528, 194.8632757353145
302.76883960854843, 374.98863140710483, 194.8654819366821
302.75156036603806, 374.9902826273981, 194.8667077194645
302.76221893473746, 374.991252158652, 194.8675062347636
302.7612058608431, 374.98678485213543, 194.8660742857698
302.7495024777344, 374.98221777153964, 194.86372884170854
302.750547088679, 374.98695862064335, 194.8644862420406
302.74911409293213, 374.98700266493114, 194.86540156263703
302.75306394007515, 374.9889491759773, 194.8660533044584
302.76057683634656, 374.98955916169314, 194.86661191746518
302.76157789270457, 374.98882434287503, 194.866477942096
302.7671715672469, 374.9897373205656, 194.86661359619708
302.75258676787587, 374.99123980765046, 194.86733829520998
302.7615261684074, 374.98798389044623, 194.86655332628013
302.7604614669465, 374.9751365765156, 194.8616020484299
302.7605825245175, 374.97974949164393, 194.86069563641905
302.76628773938086, 374.9841492829267, 194.86307944296195
302.7698498632946, 374.9821107262703, 194.8632364496724
302.7639279810262, 374.97215558163754, 194.85946154503603
302.7666837642376, 374.9804165205402, 194.8604417153024
302.7687135029155, 374.979470100641, 194.86157891367174
302.7536947564308, 374.9760959121226, 194.86028951495373
302.75294157999406, 374.98330478117936, 194.86219682796312
302.761391584727, 374.98809843451454, 194.8649860136026
302.7673836244993, 374.98905811708477, 194.86625547183158
302.7610127314233, 374.9885485947693, 194.8663007074188
302.7623682525529, 374.95294300669974, 194.854282462434
302.75745642183654, 374.94699471868955, 194.8456891181655
302.76385266984636, 374.9485192670806, 194.8450893105916
302.76844494361166, 374.9542976709907, 194.84724322815742
302.7452850843317, 374.95145168498794, 194.84735396311333
302.75705030141387, 374.95648358053705, 194.8486640042849
302.76531935151263, 374.9497615325502, 194.84725198945992
302.7680195324904, 374.9536356327211, 194.84733827046193
302.7537679140921, 374.9670499426024, 194.8523659695196
302.7505826797695, 374.94892286055745, 194.84901337025772
302.7577700891406, 374.9571249099349, 194.84835590113028
302.7657362569908, 374.87761852801896, 194.82336601469922
302.7650135459189, 374.8941401255851, 194.8140763413251
302.7679597875626, 374.90555936962687, 194.82095525602824
302.76544741625037, 374.93978513234157, 194.83443196224104
302.76611215299107, 374.94748996514033, 194.8433303649209
302.7687331377292, 374.9579872979591, 194.84837638235862
302.7706501800603, 374.9730831584502, 194.85524821452967
302.77199152614037, 374.98138422310706, 194.8608669162511
302.772723606903, 374.9859501223482, 194.8639979276238
302.770316348037, 374.9846754004072, 194.8643564900036
302.77091426279515, 374.9852954571703, 194.86447834559283
302.7705568262659, 374.98510725265567, 194.86434371629645
302.77190139868173, 374.98530578995604, 194.8645207624614
302.7699229609459, 374.97683578967917, 194.86163467080056
302.77055391172104, 374.97460635864303, 194.85940884424957
302.7719602215995, 374.94014058258153, 194.8473931121798
302.77199455825024, 374.9423814570075, 194.8417570079914
302.77113958340453, 374.9108608383161, 194.83173673103286
302.7717914364487, 374.88385994318213, 194.8167885469971
302.75930120759085, 374.84905040841784, 194.80018203533385
302.752910666457, 374.8872583627114, 194.80642029293227
302.6902700307613, 374.87886735596396, 194.81075865279863
302.7067456079693, 374.80658485366826, 194.78506934013072
302.73096104608305, 374.78651535187055, 194.7648999077766
302.7503908604513, 374.80353945597165, 194.76692895273948
302.74158997785054, 374.7632436453824, 194.7566291863189
302.7247920223105, 374.67335263465543, 194.7191493114602
302.7094191641306, 374.58914846299024, 194.67430502105194
302.7394098444714, 374.530386148335, 194.63900387645143
302.7280604331386, 374.4700633902425, 194.60793494049193
302.7129140012969, 374.5675924100839, 194.62931201500376
302.6915412375587, 374.6191314337247, 194.664558689195
302.69962090693326, 374.5677971210843, 194.6570931515
302.71235896469494, 374.6272085527445, 194.66737060889682
302.72238783457624, 374.6072413293323, 194.67173529712107
302.7364865315504, 374.6839347846016, 194.69359146560137
302.71123948639064, 374.7666200087048, 194.73557030033345
302.73398649100636, 374.84915978293503, 194.77839630269432
302.7522480704843, 374.8771123218476, 194.8030523397271
302.76197711827507, 374.93103099645685, 194.8261190274644
302.7665602254067, 374.9602242691612, 194.84605352075258
302.7522253473534, 374.9456155387516, 194.8465360180457
302.7561646031711, 374.9582353365644, 194.8480336805629
302.75822808104897, 374.9644685661935, 194.85248544146663
302.76538041737376, 374.97494167387157, 194.85709247933224
302.76938417168645, 374.9630228566217, 194.85518062920278
302.769519205195, 374.93125647451603, 194.84228963730598
302.731376366419, 374.9250002713873, 194.83428670825688
302.7474987990612, 374.83392107621415, 194.8028276734034
302.7541093276363, 374.8771194340636, 194.8002419549017
302.75671660705774, 374.8862884948877, 194.81130371872757
302.7343144206272, 374.8791291534317, 194.81055495945623
302.67147488714306, 374.84054906730813, 194.7963691368726
302.691014136481, 374.86926894761785, 194.79883383840723
302.7050312188715, 374.89014661553483, 194.81110698422697
302.72759413322365, 374.87148139383993, 194.8088293119554
302.7377737247857, 374.9244004095127, 194.8229800167069
302.7518026748298, 374.9569768447188, 194.843693406037
302.75756583597536, 374.95938718182987, 194.85056654756235
302.7623289251256, 374.94521942406374, 194.84632721597603
302.74003457511105, 374.96466218418607, 194.85010430370363
302.753369788335, 374.95521812808255, 194.8506511925599
302.7633012824927, 374.9606636735229, 194.85065902687427
302.76714979228166, 374.9748068414308, 194.85639257179344
302.76967452913834, 374.98289974442594, 194.86172306353387
302.7709929101589, 374.98375692420655, 194.86348306610162
302.76809952131936, 374.982604802178, 194.86324414028442
302.7693887656664, 374.98484372490134, 194.86386112543866
302.7704248074917, 374.98879622986306, 194.86556743133076
302.77187806439406, 374.9902567631329, 194.8667451307346
302.7721296707562, 374.9915437705853, 194.86747544591674
302.7711624240149, 374.9918193009025, 194.8678366508755
302.76964898469134, 374.99021719466197, 194.86739323244754
302.77150870161364, 374.9885711874891, 194.86648634877812
302.77199365937383, 374.98959264357353, 194.86654642731804
302.7723439046186, 374.99092813877945, 194.86713945787673
302.7703912490086, 374.9913142326265, 194.8675163184486
302.7704445077724, 374.9909910804759, 194.86747492778744
302.7717351612867, 374.97900286559644, 194.86341997222547
302.77203390858557, 374.98567715745855, 194.86343310754998
302.77285590563815, 374.9563887386536, 194.8549615657314
302.7730463420444, 374.9550288031801, 194.84902780385497
302.771710828039, 374.97107126769055, 194.85409195510556
302.7564419026664, 374.971886759971, 194.85736199753887
302.7534540714025, 374.97126418792584, 194.85727258284066
302.7559038793342, 374.9757969248593, 194.85865860098224
302.76333394481156, 374.9831903251533, 194.86203096706254
302.7605016143293, 374.9737859754865, 194.86025297635436
302.76590042011907, 374.97799367646275, 194.85990512582492
302.75149812533186, 374.9805397011234, 194.86150838037958
302.75059918620155, 374.9840454461592, 194.8632245760865
302.74279853004714, 374.97124058331025, 194.85953816797476
302.7519707140507, 374.9756528466756, 194.85859745694313
302.76111156613223, 374.9792884061806, 194.86069265893366
302.76636874356876, 374.98164009710854, 194.86219000726882
302.7697453690922, 374.9852349861764, 194.86375602077914
302.7662189939334, 374.97128909240314, 194.85979141983273
302.7671485340213, 374.9654667972943, 194.8552960293587
302.7699704386765, 374.97850493401245, 194.85853227492396
302.7718059171553, 374.98313518753315, 194.86248382505576
302.7719559132246, 374.98698346431644, 194.86461274614882
302.7704805249825, 374.98772989898225, 194.86563492002122
302.7710038942656, 374.98834322853463, 194.86595395333794
302.76988081249533, 374.98727094143476, 194.8657548341044
302.77051925399707, 374.9861757797105, 194.8651712060146
302.728545012425, 374.98907963518747, 194.86592569794593
302.74770816538813, 374.98886924343816, 194.8663867085356
302.75717629579884, 374.95427510879244, 194.85484143990868
302.7643505531783, 374.97089245503287, 194.85393786933787
302.76890715545153, 374.9818819075523, 194.86067690388865
302.7711474666737, 374.98687815473613, 194.8642992467223
302.77127120292, 374.98959431322544, 194.8662724288969
302.77201552993466, 374.9912166612558, 194.8672844130289
302.7678192114204, 374.98929618952764, 194.86693693784457
302.7601578033007, 374.96391639883933, 194.8580531965003
302.7594134049579, 374.9622403138646, 194.85281820384407
302.7617223576152, 374.9698004520111, 194.85499590840507
302.76661852576524, 374.97894988026457, 194.85944090343907
302.76339918677206, 374.97701571097883, 194.86053233693485
302.7648325839107, 374.980604824674, 194.86136322272495
302.7464955421601, 374.9647988643064, 194.8568042383722
302.7545101492927, 374.9468519887161, 194.84785434315023
302.7636476785544, 374.9605848388263, 194.84899237993363
302.76708398427945, 374.96070291701415, 194.8516430854565
302.745047832987, 374.9060533905635, 194.83344160071286
302.7565701834052, 374.9420263528664, 194.83526738405072
302.75365182607436, 374.9666087708468, 194.85017293621428
302.75654085879864, 374.97507576720653, 194.8575810355785
302.76144212883884, 374.95318909545324, 194.85187526015676
302.76734286395146, 374.9706324843992, 194.85361042681717
302.7689419983488, 374.97567714811504, 194.8585590260753
302.7706220881973, 374.9820673066297, 194.86158397361672
302.7719854989835, 374.9853684398217, 194.86388136465575
302.7712922236402, 374.9880039235531, 194.86534954360653
302.7712932721157, 374.98990301272886, 194.86649180507266
302.7719791545628, 374.9913296269204, 194.86733943894296
302.7719392034793, 374.9910980390763, 194.86749677602916
302.7722051560348, 374.9900088224451, 194.86719004100553
302.77063378974094, 374.98907605701646, 194.86669681600745
302.76583128264474, 374.98293516037734, 194.86442323153443
302.769025776303, 374.98744608055716, 194.86476296674806
302.77035107623175, 374.9896315376353, 194.86630302796544
302.75254512742873, 374.9910686076443, 194.86725397690643
302.761465546434, 374.9900636273981, 194.86706555638838
302.7662457139914, 374.9907700123763, 194.8671969169709
302.76904434259836, 374.9894577484644, 194.86696114598357
302.77089286945863, 374.98867667637313, 194.86640265506173
302.75722588468807, 374.96633000690963, 194.85875207786668
302.7587788774107, 374.970579368464, 194.85598096439153
302.765884148134, 374.9802909983839, 194.85997886586634
302.76939145349473, 374.98590073823027, 194.86371299443567
302.76384026348927, 374.98696921400494, 194.8652232812055
302.7623778658313, 374.98835442529094, 194.86582414448625
302.7670737472739, 374.9893653419777, 194.86643270134584
302.77030650478605, 374.99091780505586, 194.86705222783183
302.7717471349886, 374.99107161252635, 194.86744738958473
302.7715852198476, 374.98828051794516, 194.8665742455277
302.77208242186015, 374.98825801436936, 194.86607222205382
302.77276320772677, 374.9702455728023, 194.85998385315392
302.7707464567827, 374.94239857007, 194.8473421941223
302.7697840621905, 374.9299257774188, 194.83802640768187
302.76858445848546, 374.95971580120283, 194.8456322246775
302.7672301215576, 374.9487942628654, 194.84753919662396
302.7594233896808, 374.95452403146464, 194.84740800909998
302.7577175496146, 374.9504512181158, 194.84712661165312
302.7632245760619, 374.9687057481473, 194.85243988120678
302.76811247273076, 374.97915554470507, 194.85937710341761
302.75661390689675, 374.98390494266556, 194.86289508948022
302.7628346624311, 374.9793917819899, 194.8622540244606
302.7663519901924, 374.9855635790107, 194.86349107634865
302.76973287695984, 374.9884315980516, 194.8655605871805
302.7715875591433, 374.99012543940506, 194.86667879531666
302.756176748726, 374.98982003149297, 194.86692240952175
302.75512347351497, 374.9905077275055, 194.86702954725274
302.75416018620746, 374.9891764224064, 194.8667574485293
302.76255999863474, 374.9890135524697, 194.8664801745977
302.7580105712996, 374.98992209850053, 194.8667238606991
302.7643149402538, 374.990514802551, 194.8670755377176
302.76865652336693, 374.99096627029127, 194.86733029335875
302.7585320532876, 374.98882577743393, 194.8667208098226
302.7577311550681, 374.98735939387757, 194.86585664477795
302.7628829891888, 374.9852685298381, 194.86486275978132
302.7668614945771, 374.98750303688314, 194.86520314145213
302.76654909663387, 374.98731845188644, 194.86559864251404
302.7698953177208, 374.98971925274554, 194.8663178472946
302.7715130956942, 374.9714035187441, 194.8606861362384
302.7722169835996, 374.97946614113596, 194.85993090852278
302.75200335315816, 374.9861562909884, 194.86372753486071
302.7547392405187, 374.98759434271824, 194.86546345621502
302.76226797999357, 374.98964379479133, 194.86641134490256
302.74745193802005, 374.97667546299584, 194.8624043331276
302.75378371590466, 374.9795817739278, 194.8609685565232
302.76346195291933, 374.9859116462008, 194.86365000890967
302.7682300362132, 374.9813257766349, 194.86331131492042
302.76999197230015, 374.9717774675544, 194.8592269490421
302.76974619445446, 374.9792269872154, 194.85993536047897
302.77038405752205, 374.9811512333183, 194.86195719518966
302.77056946915764, 374.98655759012775, 194.86415295818853
302.77130771137575, 374.98895322371885, 194.865982281367
302.77236686144863, 374.99078563303556, 194.8670273017356
302.772273283544, 374.982829473786, 194.8646260888643
302.7668414803366, 374.9862182024142, 194.86440397451534
302.7687554517728, 374.98231555858695, 194.86370127555605
302.77110413325386, 374.9800532964956, 194.86214251753074
302.7712812911583, 374.9825973004513, 194.86255613037667
302.7718660346513, 374.98383825718435, 194.86340587672822
302.76886546143857, 374.9629855259038, 194.85678842181576
302.77110623404457, 374.9074669176139, 194.8344280160414
302.7719494484667, 374.8408393551323, 194.80183717270936
302.7726145226422, 374.8732800401479, 194.80024069469246
302.77100507577165,374.91333082803163,194.81964504682605
302.7681488417181,374.9423376566961,194.8367806712841
302.76339880960177,374.907774080188,194.83051396516188
302.7597271779024,374.8323627706988,194.79900829009023
302.7398197479697,374.7140645474159,194.74559209728164
302.3950100696542,374.55632565382524,194.6709458340751
302.4503275827303,374.60991127913167,194.6593869124332
302.58740596608476,374.7735490206751,194.7239125791287
302.4044091635778,374.5021938905927,194.66399486068545
302.5170353050089,374.6471552626911,194.66176765289904
302.6227582673378,374.79171178986854,194.73691301344925
302.6968573038312,374.8919041483089,194.7973236471731
302.72089242772756,374.7750057899129,194.77698654422437
302.73768080666605,374.840443091741,194.7770158045376
302.7481585254532,374.9113028168489,194.8128077446644
302.70918230906,374.8371904279564,194.80133513051138
302.7284046626362,374.8822115776951,194.80253860454934
302.7496888094939,374.9358810895835,194.82885213566453
302.7550680833914,374.9633483460305,194.84797263220435
301.67202466549793,374.08425862660187,194.87061651963168
301.9367931685553,374.3029345937966,194.63915080434364
302.2832809394913,374.5779974900377,194.69026580843914
302.3348677351028,374.6931283944158,194.73663666902692
302.50660932097594,374.7929801193856,194.76799699913178
302.4709195356714,374.8205584898114,194.78465680456912
302.57814428544657,374.88299509364293,194.80525392727668
302.61913456466004,374.9226087650548,194.82735938311058
302.6819591087221,374.9044724443432,194.82724707401482
302.72488069476805,374.6362798886257,194.7337265148594
302.74704850777033,374.7125177687338,194.7088907228629
302.75585489739996,374.71263177951,194.7228726301344
302.76268049660666,374.8117345697892,194.75590579991805
302.7452482519874,374.855244666721,194.78881034681862
302.7550224815446,374.88395811438943,194.8066406193611
302.7591106740709,374.9361230263211,194.82919160155765
302.69883405751534,374.899462777749,194.82678661194382
302.7104961354801,374.92060903859146,194.82691718021078
302.7293886393312,374.8795699623231,194.81720063220814
302.74564007635587,374.8742692483216,194.80771683525666
302.75579697788095,374.8979309576833,194.8147267215356
302.7417563383196,374.85697177421144,194.8053435974402
302.75020877432587,374.9200191117442,194.8188584308628
302.75200783453164,374.8986256620124,194.82347861728766
302.7491204564087,374.8677937607462,194.8092879020164
302.75413616576105,374.828992407773,194.79045676993132
302.75299692115817,374.87709804634704,194.7993581273108
302.7585038151415,374.89002442399266,194.81261512146173
302.76327180116897,374.89793395638833,194.817691487916
302.75694859009195,374.9318687952802,194.83050924644772
302.699971694166,374.8755005379445,194.817987089613
302.7036111360009,374.87116677889156,194.80598588975576
302.728763959961,374.89739475065085,194.81386438848114
302.7184629352789,374.91526996044144,194.82463569128026
302.7428081368767,374.9183406677753,194.82912153019151
302.6940582850401,374.90675810988347,194.8257454845922
302.71876567986465,374.917186642809,194.8270153294008
302.7419254723053,374.946418823996,194.83886948430865
302.7469720015925,374.9382999402621,194.8415942366924
302.75209216213193,374.93739315579876,194.83976868479346
302.7557621508976,374.96062118632005,194.8474742768449
302.7548135336638,374.96500090503605,194.85315657149047
302.76010669792703,374.9676272639346,194.85485886249617
302.739596277288,374.89006491880707,194.82943126801456
302.7558159869055,374.93976915529385,194.83145849369885
302.7623143146906,374.9625163415748,194.84844711493818
302.76754554329244,374.97704931915047,194.8574309356496
302.770461793336,374.9409384511216,194.84815944911549
302.7709240373654,374.9191804023115,194.83417131302136
302.7711204612332,374.9546509001293,194.8420525959671
302.77086364038803,374.9337221838879,194.84164216269048
302.77012841783403,374.9255091950489,194.83480198352015
302.76704841922094,374.93220116190093,194.83566684609386
302.7613827476781,374.8133536467181,194.7974637692888
302.7630100482084,374.8202662903598,194.7773883205685
302.76477517876646,374.8546469305862,194.79016913828858
302.7532043406555,374.71230880318694,194.74917934505015
302.7458932946775,374.7605458269779,194.7388223593265
302.7509493526818,374.84098724742285,194.7745302356013
302.74573122754657,374.86307772848676,194.796869932129
302.74927986450086,374.8314493479287,194.79040803221548
302.7301234698967,374.7604234219944,194.76069785314803
302.6436635897633,374.69712211954163,194.72651124660845
302.6991197367728,374.58691722857156,194.677839489835
302.7238008101516,374.5847726322132,194.65688153661142
302.74747831560865,374.2406857828836,194.54161924644401
302.75889910125204,374.3397940306769,194.51050421295633
302.75937663040907,374.3346826650107,194.52737110094301
302.7658355007644,374.269691788949,194.50463473368703
302.76010280995155,374.52787893189225,194.5787106908365
302.75899979891284,374.7221921928493,194.69150897922455
302.7403630492867,374.66743540807084,194.70957089527806
302.71592980916756,374.77121302254176,194.73398721592528
302.7444237762929,374.74540122830496,194.74455984158263
302.74544140668655,374.77855786009354,194.750733919765
302.7540180954133,374.8236964087835,194.77214450384784
302.6825343929529,374.5330809846757,199.4407463664499
302.6917413071746,374.66490782097566,197.38680306193748
302.7364859502959,373.5651984308667,202.4099428814528
302.9667309938067,370.40080470580466,193.56202203141032
303.22926842944025,368.164881100229,195.67026633849628
302.70046371779557,374.3690851860421,197.01312499066927
302.6896975739112,374.4851693771211,195.81576618049587
302.6925003309849,374.5469258846168,195.23836509335567
302.6578904601259,374.5166118875571,194.9378061032857
302.691658543739,374.6113823393742,194.8154430170052
302.6946158337872,374.6268813002094,194.77906266259532
302.6904305228323,374.5262558149902,194.71006909874535
302.6928176567249,374.6007003549301,194.65975749903984
302.70615668256676,374.66731680330537,194.70958140963134
302.7136629334982,374.6863671157238,194.73210817499194
302.72486299827847,374.6244304396089,194.71593261765724
302.73221140325404,374.57918671658217,194.67399653640052
302.73435183141703,374.46107276852547,194.6104602275351
302.69639814362023,374.42942033110035,194.53741711122288
302.72710790100547,374.4791236546683,194.57402070993993
302.7262860143973,374.5950008394127,194.6075227168145
302.73410155342515,374.59644269639386,194.6358696094483
302.7125776549808,374.350935358183,194.5581277492224
302.7016650611373,374.0882308383363,194.40425046973016
302.6113390300192,374.07980604124486,194.3157009397236
302.65581100124473,374.3278897432133,194.4398848183605
302.58352651641025,374.46493055209555,195.23237484229702
302.6381069514225,374.3879173125104,194.87535686927686
302.58187878804256,374.31903565927723,194.66632937011656
302.5650248567256,374.4157209333092,194.62206995980637
302.5081361289983,374.52050130851416,194.65741036976226
302.57671645181773,374.57461341973925,194.69694702509278
302.59074184252955,374.59765786427727,194.70866250583583
302.6529942646858,374.65059452734545,194.71685098690378
302.6789378671576,374.69273109654984,194.7347154639896
302.69218979873773,374.6676889315564,194.73603886053513
302.70306407621985,374.6831766495244,194.73730820991744
302.6872695540594,374.67828198649994,194.7405179601562
302.6404875130083,374.7102991595146,194.75581052472103
302.60060861022055,374.63294520252805,194.73841696334313
302.65313573604305,374.57362232857344,194.7091821844702
302.6708474553271,374.6600591689003,194.70527559304975
302.64390823295435,374.6794452089484,194.7284923748678
302.5535235682889,374.56199787633744,194.70534313372022
302.62925829287684,374.43264789179403,194.6509169013235
302.652526747484,374.58729213512686,194.63466261988293
302.65228641765503,374.6550622222754,194.69670258495117
302.6503058582774,374.7002745216118,194.73822998579797
302.67044286661155,374.6295552119738,194.7097782866261
302.64628442769134,374.6295591767072,194.701995392805
302.49552997924224,374.0179767037592,194.5042400020568
302.5409237171661,374.00854521356155,194.35192647490976
302.5943424484019,374.33061470111966,194.45090018500326
302.6460168637222,374.51559880238005,194.6054307364518
302.6909474458386,374.5006751624603,194.6519922979831
302.57170925952374,374.0863882298867,194.46868024441753
302.57013570654976,374.3924952359271,194.69236664170074
302.64913491454035,374.32631285251557,194.6348373800868
302.64849480582393,374.47377463486595,194.57864713120253
302.3597926699241,372.82678349069334,193.37403831186225
302.447991676927,373.68213569039204,193.59496782886245
302.51928195886336,374.21425525056725,195.3640312609628
302.53860473805395,374.40790404889094,195.02800110242453
302.5685942887294,374.48372985414477,194.86287182819646
302.5997058347231,374.5176334058136,194.76721053390523
302.55928990905073,374.226719591447,194.59579320162797
302.59221888941823,374.45999387922285,194.57775387451667
302.5232499454927,374.496750147927,194.64089009664292
302.601340717728,374.59595903131475,194.69565145292609
302.61747593058095,374.5757983255385,194.70776450373066
302.6411720751738,374.6379579802911,194.7224334016793
302.6024017530169,374.6047571279455,194.7230107962964
302.4956310249703,374.5578501532096,194.69475179717807
302.5781963872742,374.5614324788781,194.09929643388094
302.58688189874863,374.49864559998036,194.30082588991462
302.64809242130417,374.5101404569722,194.49723233073593
302.64688836413376,374.50791043858766,194.57225176087871
302.64573587759276,374.5052736751288,194.6078815221297
302.64467035372735,374.5034071339351,194.5094006534499
302.64356427648005,374.50122325432005,194.59126647534754
302.642643618181,374.49858733527367,194.6329452342112
302.64159989942374,374.4965034206968,194.63988329283742
302.6406754153532,374.4939976598042,194.58789244483486
302.6394890478658,374.4918079138104,194.63040495063396
302.6385770050519,374.48935259805637,194.5871974305807
302.6374930711056,374.48676545952287,194.58097743171217
302.6364025001837,374.4843463802295,194.50169239326758
302.6354686133558,374.48218798231176,195.37892237781728
302.634501536294,374.47973684856106,196.5918879872318
302.6334903574789,374.47738878843785,195.5100440661544
302.63256585233273,374.47498714132274,195.057192178458
302.63169512379613,374.47252774303405,194.84409314525877
302.6307432444956,374.46993601144305,194.75868987309883
302.62972942863604,374.4681049421772,194.72308367206332
302.62871416972325,374.4656277660169,194.70610487377274
302.6276677245622,374.46322088446624,194.6751673474644
302.62667908473924,374.46080963073473,194.66292933144547
302.6257824752441,374.4583810384663,194.67481772246222
302.6246508053593,374.45636373354415,194.67364209630617
302.6238291159514,374.45381642630605,194.67435123508508
302.6229219510325,374.4515907282131,195.21768390447437
302.62186060620184,374.44902734633484,195.1659940898851
302.62095080649505,374.4471242861798,194.8525483020935
302.6169652488472,374.43818990714084,195.47632227007202
302.60315658643964,374.40843923506924,193.67637074298102
302.602001340751,374.4058842887102,193.99963997452556
302.5989881101288,374.4000716891109,195.29788818711202
302.3565279171658,373.9992279636482,187.73197893549832
302.35530812337817,373.9974260679151,191.65314344035897
302.3540587160228,373.99453743253474,192.93953587908334
302.35130824882117,373.99104113842975,196.69505731340902
302.3501000749588,373.9892838072855,194.05134933266427
302.3488604521773,373.98758618285257,192.57508286529338
302.34610634386416,373.98391027086996,200.19616108617737
302.34234074943066,373.9766839280882,192.5473002909153
302.341172523706,373.9742174742344,185.92198063142266
302.3360169162039,373.96485881498694,193.92912410996715
302.33472385762724,373.96271730110675,198.70190189802287
302.3334241463404,373.96017072102217,198.4736369049244
302.32580574713353,373.9463335753926,193.0924098330877
302.3005970796647,373.91729192015185,191.93147388797672
302.29894237223914,373.91562974371107,192.8659032073046
302.2969495350665,373.9138367745268,193.19262095970043
302.29528562345666,373.9117185906211,192.40538126895225
302.2936126721059,373.90991611134183,191.4404683947997
302.29184509358,373.90778288270485,132.9192689285291
302.28964865133435,373.90594158717823,154.49880158072935
283.86171475686723,351.2979213763942,166.86688169877277
286.7927637835134,361.07657135421385,180.16919304271406
292.94906594202627,367.74561801212303,187.41779600330634
296.78391332654314,370.89839349451404,190.79695596119245
299.4468695318757,372.6559217537553,192.70853060922488
300.95823741364535,373.58597583871915,193.7225791599214
301.75403049927615,374.00560593968106,194.19506719707516
302.25528024512823,374.37699794525975,194.47763828205834
302.4728367311833,374.4850708003619,194.5352652683674
302.5791989165283,374.65005300365897,194.6538423140457
302.61901194542247,374.6957481486103,194.73167248462067
302.6438261135663,374.7153644961433,194.74216266611782
302.6959466518244,374.72655317347915,194.84050463173745
302.73093748866995,374.81125612396005,194.82409780585567
302.7498763381173,374.85917870089696,194.82598495554024
302.7392839959221,374.86612587939106,194.75560975206116
302.750323158636,374.67966867943557,196.2364496229432
302.7464162784113,374.6820008608757,194.31769263831268
302.69043279950495,374.67276095281255,193.13823240183044
302.59925858859066,374.7022716587445,191.1223498888173
302.66321506848954,374.76555471446096,192.41746754872605
302.6737288212924,374.8391406689914,193.51236114834697
